id,headline,description,published,url,athletes
49758932,Arizona Cardinals vs. Green Bay Packers Game Highlights,Arizona Cardinals vs. Green Bay Packers Game Highlights,2026-08-29T04:16:09Z,https://www.espn.com/video/clip/_/id/49758932/arizona-cardinals-vs-green-bay-packers-game-highlights,Evan Hull|Kyle McCord|Gardner Minshew II
49758629,Kyle McCord throws 4 TD passes as Packers beat Cardinals 42-38 in preseason finale,— Kyle McCord wanted to prove this summer that he could play in the NFL.,2026-08-29T05:22:29Z,http://www.espn.com/nfl/recap?gameId=401874102,
49717208,How every 2026 NFL draft pick has looked in the preseason,"When will Fernando Mendoza start? Should we expect big things for Sonny Styles, Ja'Kobi Lane and Cashius Howell? We checked in on all 32 NFL teams' rookie classes.",2026-08-28T18:04:09Z,https://www.espn.com/nfl/story/_/id/49717208/nfl-rookie-2026-nfl-draft-training-camp-preseason-257-picks-report-cards,
49747060,First Packers-Cardinals LaFleur matchup: From Michigan brothers to NFL head coaches,"No one in the family ever expected it. Now the LaFleurs are the league's newest brother head coaches, with a Lambeau Field reunion set for Friday.",2026-08-28T10:00:04Z,https://www.espn.com/nfl/story/_/id/49747060/first-green-bay-packers-arizona-cardinals-matt-mike-lafleur-family-matchup-michigan-brothers-nfl-head-coaches,
49744276,Cardinals' Carson Beck losing valuable reps with setback,"With veteran Jacoby Brissett as the starter and Gardner Minshew the backup, Beck will have to make due.",2026-08-28T10:00:01Z,https://www.espn.com/nfl/story/_/id/49744276/arizonal-cardinals-carson-beck-camp-progress-injury,Carson Beck
49684109,2027 NFL mock draft: Reid's preseason first-round predictions,"With the college and NFL seasons about to start, Jordan Reid projected the top 32 picks in next year's draft -- including a blockbuster trade.",2026-08-27T17:13:42Z,https://www.espn.com/nfl/draft2027/story/_/id/49684109/2027-nfl-mock-draft-reid-preseason-first-round-predictions-32-picks-manning-moore-carr,
49734084,"2026 NFL season: Ranking all 32 teams' watchability, excitement","Which NFL teams are must-watches every Sunday? Ben Solak stacked all 32 by excitement, fun and intrigue, starting with Chicago.",2026-08-27T15:57:08Z,https://www.espn.com/nfl/story/_/id/49734084/2026-nfl-season-most-watchable-teams-ranking-excitement-bears-rams-lions-chargers,
49735632,Matt and Mike LaFleur hold joint Cardinals-Packers practice in front of family,The LaFleur family turned up to the joint practice between the Cardinals and Packers on Wednesday.,2026-08-26T23:59:45Z,https://www.espn.com/nfl/story/_/id/49735632/matt-mike-lafleur-nfl-joint-practice-family-arizona-cardinals-green-bay-packers,
49723682,"Sources: Cardinals, Hjalte Froholdt reach 2-year, $20M extension","The Cardinals and center Hjalte Froholdt have agreed to terms on a two-year, $20 million contract extension, sources told NFL Network's Ian Rapoport on Tuesday.",2026-08-25T17:49:25Z,https://www.espn.com/nfl/story/_/id/49723682/sources-cardinals-hjalte-froholdt-reach-2-year-20m-extension,Hjalte Froholdt
49717013,Cardinals activate edge rusher Josh Sweat from PUP list,Cardinals pass rusher Josh Sweat was activated off the physically unable to perform list Monday.,2026-08-25T00:57:35Z,https://www.espn.com/nfl/story/_/id/49717013/cardinals-activate-edge-rusher-josh-sweat-pup-list,Josh Sweat
49712568,"Matt LaFleur, Mike LaFleur ready for Packers-Cardinals work",Brothers Matt LaFleur and Mike LaFleur prepare to meet as head coaches as Matt's Packers host younger brother Mike's Cardinals in a joint practice and preseason game this week.,2026-08-24T20:27:41Z,https://www.espn.com/nfl/story/_/id/49712568/matt-lafleur-mike-lafleur-ready-packers-cardinals-work,
49662115,2026 Arizona Cardinals: Projecting final 53-man roster,The Cardinals have depth at running back and wide receiver. Too much? Tough decisions loom.,2026-08-24T10:01:21Z,https://www.espn.com/nfl/story/_/id/49662115/2026-nfl-season-arizona-cardinals-final-roster-projection-depth-chart,
49664649,"2026 NFL preseason Week 2: Game takeaways, analysis",NFL Nation reporters tackle the biggest looming roster questions coming off each NFL Week 2 preseason game.,2026-08-24T12:18:02Z,https://www.espn.com/nfl/story/_/id/49664649/2026-nfl-preseason-week-2-takeaways-analysis-roster-questions,
49698371,"Milton throws 2 TDs in 1st half, makes case for Cowboys' backup job in 34-13 win over Cardinals",— Joe Milton had another good day in his quest to become the Dallas Cowboys' backup quarterback. Coach Brian Schottenheimer says there's still work to be done.,2026-08-23T10:18:32Z,http://www.espn.com/nfl/recap?gameId=401874101,
49683212,Massachusetts to investigate Cardinals exec's alleged betting,A second investigation has been opened related to former Arizona Cardinals scout Ryan Gold's alleged betting activity.,2026-08-21T19:14:36Z,https://www.espn.com/nfl/story/_/id/49683212/massachusetts-investigate-cardinals-exec-alleged-betting,
49638556,"2026 NFL season: Ranking the best, worst positional groups",Which team has the best running backs? The shakiest edge rusher room? We ranked all 32 teams in 10 different position groups.,2026-08-22T01:24:22Z,https://www.espn.com/nfl/story/_/id/49638556/2026-nfl-season-positional-group-best-worst-quarterbacks-cornerbacks-receivers,
49674964,MHJ is all smiles so far through Cardinals preseason,"Harrison has played well in August and hopes his first 1,000-yard receiving season is right around the corner.",2026-08-21T10:00:21Z,https://www.espn.com/nfl/story/_/id/49674964/arizona-cardinals-marvin-harrison-jr-outlook,Marvin Harrison Jr|Michael Wilson|Jacoby Brissett
49659412,2027 NFL quarterback predictions: 16 teams with questions,We picked out teams with some level of QB1 questions for 2027 and projected two potential outcomes for each -- one likely and one not so likely.,2026-08-20T16:04:33Z,https://www.espn.com/nfl/story/_/id/49659412/2027-nfl-quarterback-predictions-16-teams-starter-questions-free-agency-trades-draft,
49582613,NFL Future Power Rankings: 2027-29 projections for 32 teams,"How might all 32 NFL franchises stack up beyond 2026? Our forward-looking ranking factors in each team's future QB, roster, front office and coaching situations.",2026-08-17T12:56:02Z,https://www.espn.com/nfl/story/_/id/49582613/2026-nfl-future-power-rankings-projections-32-teams-roster-coaching-quarterback,
49634102,Sources: Cardinals RB Love likely to sit rest of preseason,"Rookie running back Jeremiyah Love, who played 23 snaps Thursday against the Las Vegas Raiders, is dealing with a high ankle sprain and is unlikely to play the rest of the preseason for the Arizona Cardinals, sources told ESPN's Adam Schefter on Sunday.",2026-08-17T01:36:41Z,https://www.espn.com/nfl/story/_/id/49634102/cardinals-rb-love-likely-sit-rest-preseason,Jeremiyah Love|Carson Beck
49600984,"2026 NFL preseason Week 1: Game takeaways, analysis",The NFL preseason is underway! How did rookies and players in new places perform in their debuts?,2026-08-16T03:48:30Z,https://www.espn.com/nfl/story/_/id/49600984/2026-nfl-preseason-week-1-takeaways-analysis,Drew Allar|Jeremiyah Love|Fernando Mendoza|Kyler Murray|Odell Beckham Jr|DJ Moore
49619508,Cardinals rookie RB Love to miss a week due to sore ankle,"Cardinals rookie running back Jeremiyah Love will miss the next week to let a sore ankle he injured Thursday night against the Raiders heal, coach Mike LaFleur said.",2026-08-15T20:28:36Z,https://www.espn.com/nfl/story/_/id/49619508/cardinals-rookie-rb-love-miss-week-due-sore-ankle,Jeremiyah Love
49613585,Cardinals OL Chase Bisontis' season in doubt with torn MCL,"Chase Bisontis, the Cardinals' second-round pick who was expected to push starter Isaiah Adams for playing time, could miss the season after tearing his left MCL.",2026-08-15T16:20:07Z,https://www.espn.com/nfl/story/_/id/49613585/cardinals-ol-bisontis-season-doubt-torn-mcl,Chase Bisontis
49605597,No. 1 pick Fernando Mendoza throws TD pass in preseason debut for Raiders in 27-14 loss to Cardinals,— No. 1 draft pick Fernando Mendoza threw a touchdown pass in his preseason debut for the Las Vegas ,2026-08-14T04:37:29Z,http://www.espn.com/nfl/recap?gameId=401873640,
49602122,"Source: Cardinals' Beck (rib) out, derailing rematch vs. Mendoza","Cardinals quarterback Carson Beck won't play in Thursday night's preseason game against the Raiders due to a rib injury sustained in last Thursday's Hall of Fame Game, a source told NFL Network's Ian Rapoport.",2026-08-13T20:39:17Z,https://www.espn.com/nfl/story/_/id/49602122/source-cardinals-beck-rib-derailing-rematch-vs-mendoza,Carson Beck|Fernando Mendoza
49426382,"2026 Arizona Cardinals training camp: Latest intel, updates","Catch up on our daily updates from Cardinals training camp, including intel on QBs, position battles and potential breakouts.",2026-08-13T15:09:23Z,https://www.espn.com/nfl/story/_/id/49426382/arizona-cardinals-training-camp-2026-intel-updates,Trey McBride|Marvin Harrison Jr|Carson Beck|Jeremiyah Love
49554282,What have 2026 NFL rookies spent their first paychecks on?,"Jeremiyah Love, Drew Allar and Carnell Tate are among the NFL rookies who just got their first pro contracts. How did they spend their new money?",2026-08-12T16:48:28Z,https://www.espn.com/nfl/story/_/id/49554282/2026-nfl-rookies-spent-their-first-paychecks-money-cash-nil,Jeremiyah Love|Arvell Reese|Malachi Lawrence|Peter Woods|Jadarian Price|Zachariah Branch|Blake Miller|Treydan Stukes|Jacob Rodriguez|Brandon Cisse|Caleb Lomu|Jordyn Tyson|Zion Young|Romello Height|Tacario Davis|Denzel Boston|Drew Allar|Carnell Tate|Albert Regis|Caleb Banks
49584833,Where to watch NFL preseason games: Week 1 schedule,NFL Network's live preseason coverage kicks off Thursday with a doubleheader. Here's how to catch the action.,2026-08-11T21:19:47Z,https://www.espn.com/nfl/story/_/id/49584833/where-watch-nfl-preseason-games-week-1-schedule,
49578146,Cardinals GM says team has no interest in trading Josh Sweat,"Despite rumors this summer that Cardinals edge rusher Josh Sweat wanted to be traded, the Cardinals don't have any intention of moving him.",2026-08-11T00:09:48Z,https://www.espn.com/nfl/story/_/id/49578146/cardinals-gm-says-team-no-interest-trading-josh-sweat,Josh Sweat
49575533,Cardinals retiring Hall of Fame WR Larry Fitzgerald's No. 11,The Cardinals will retire Larry Fitzgerald's No. 11 jersey and induct him into the team's ring of honor this season. The announcement comes two days after Fitzgerald was enshrined in the Pro Football Hall of Fame.,2026-08-10T18:07:29Z,https://www.espn.com/nfl/story/_/id/49575533/cardinals-retiring-hall-fame-wr-larry-fitzgerald-no-11,Larry Fitzgerald
49562701,"Brees, Fitzgerald, Kuechly enter Pro Football Hall of Fame","Drew Brees, Larry Fitzgerald and Luke Kuechly were among those inducted into the Pro Football Hall of Fame on Saturday.",2026-08-08T20:38:02Z,https://www.espn.com/nfl/story/_/id/49562701/brees-fitzgerald-kuechly-enter-pro-football-hall-fame,Larry Fitzgerald|Drew Brees|Luke Kuechly
49556060,Larry Fitzgerald's 'I scored a touchdown' story: Super Bowl XLIII,Larry Fitzgerald's 'I scored a touchdown' story: Super Bowl XLIII,2026-08-09T21:07:26Z,https://www.espn.com/video/clip/_/id/49556060/super-bowl-xliii,Larry Fitzgerald
49553381,Why Stephen A. is 'very impressed' with Carson Beck,Why Stephen A. is 'very impressed' with Carson Beck,2026-08-07T14:47:55Z,https://www.espn.com/video/clip/_/id/49553381/why-stephen-very-impressed-carson-beck,Carson Beck
49552429,Why Harry Douglas was impressed by Carson Beck's Cardinals debut,Why Harry Douglas was impressed by Carson Beck's Cardinals debut,2026-08-07T12:30:46Z,https://www.espn.com/video/clip/_/id/49552429/why-harry-douglas-was-impressed-carson-beck-cardinals-debut,Carson Beck
49545369,"From ball boy to HOFer, inside Larry Fitzgerald's unique path","After firing him, the Vikings rehired Fitzgerald as a ball boy and assigned him to the receivers, a move that shaped his career.",2026-08-09T16:48:11Z,https://www.espn.com/nfl/story/_/id/49545369/larry-fitzgerald-path-hall-fame-fired-ball-boy-vikings-cardinals,Larry Fitzgerald
49550569,Rookie QB Carson Beck delivers efficient debut for Cardinals,Carson Beck completed 15 of 19 passes for 188 yards and a touchdown for a quarterback rating of 125.4 in the Cardinals' 33-30 loss to the Panthers in the Hall of Fame Game.,2026-08-07T06:30:44Z,https://www.espn.com/nfl/story/_/id/49550569/rookie-qb-carson-beck-delivers-efficient-debut-cardinals,Carson Beck
47809892,Super Bowl LXI odds: All 32 teams' odds to win the championship,"Every NFL team's win total, as well as odds to win their division, the conference and Super Bowl LXI.",2026-08-06T21:06:47Z,https://www.espn.com/espn/betting/story/_/id/47809892/2026-super-bowl-lxi-odds-nfl-sports-betting-season-win-totals-playoffs,
49547389,Hall of Famer Larry Fitzgerald: I don't believe in retirement,"As he prepares to enter the Pro Football Hall of Fame, Larry Fitzgerald has not formally or officially stepped away from football or the Cardinals and he has no plans to do so.",2026-08-07T00:17:07Z,https://www.espn.com/nfl/story/_/id/49547389/hall-famer-larry-fitzgerald-believe-retirement,Larry Fitzgerald
49529551,Ottis Anderson and me: A fan's quest for the meaning of the Hall of Fame,One man's journey through history and psychology to make an impassioned case for his favorite Super Bowl MVP.,2026-08-10T16:07:12Z,https://www.espn.com/nfl/story/_/id/49529551/ottis-anderson-fan-nfl-hall-fame,
49505682,2026 NFL season: Future Hall of Famers from all 32 teams,We went roster by roster to pick out the NFL players who are on track to make the Hall of Fame one day -- and those who still have some work to do.,2026-08-06T15:56:33Z,https://www.espn.com/nfl/story/_/id/49505682/2026-nfl-pro-football-hall-fame-future-players-all-32-teams,
49489688,Proposing five big trades during 2026 NFL training camps,"NFL rosters are mostly locked in for 2026, but we crafted five potential win-win deals teams should consider making before Week 1.",2026-08-05T19:27:49Z,https://www.espn.com/nfl/story/_/id/49489688/2026-nfl-training-camps-five-trade-offers-proposals-49ers-patriots-commanders-cardinals-colts,Jessie Bates III|Kayvon Thibodeaux|Keon Coleman|Walker Little
49538946,It'll be Carson Beck vs. Kenny Pickett when Cardinals-Panthers open the NFL's exhibition season,Carson Beck makes his NFL debut and Kenny Pickett starts for his fifth team in four years.,2026-08-05T18:06:29Z,http://www.espn.com/nfl/preview?gameId=401873271,
49532073,QB Carson Beck to start for Cardinals in Hall of Fame Game,"Arizona Cardinals rookie quarterback Carson Beck, who led the Miami Hurricanes to the College Football Playoff final last season, will make his NFL starting debut Thursday night in the Hall of Fame Game against the Carolina Panthers.",2026-08-04T22:58:18Z,https://www.espn.com/nfl/story/_/id/49532073/qb-carson-beck-start-cardinals-hall-fame-game,Carson Beck
49513914,2026 NFL training camp: Position battles on each depth chart,We picked the top position battles to keep an eye on as training camp and the preseason roll on.,2026-08-03T17:20:09Z,https://www.espn.com/nfl/story/_/id/49513914/2026-nfl-training-camp-position-battles-afc-nfc,Justin Fields|Russell Wilson
49464348,"Every NFL team's best training camp, preseason riser ever",Let's look back to when 32 NFL players kick-started their careers with strong performances in training camp and the preseason -- one from each team.,2026-07-31T18:32:43Z,https://www.espn.com/nfl/story/_/id/49464348/nfl-training-camps-preseason-risers-history-davis-cruz-crosby,
49492396,Tyler Allgeier 'building' relationship with rookie RB Jeremiyah Love,"Cardinals running back Tyler Allgeier doesn't think there's a point in ""being a jerk"" about being on the wrong end of his team drafting a running back in the first round with him already on the roster, he said Thursday.",2026-07-30T23:57:21Z,https://www.espn.com/nfl/story/_/id/49492396/tyler-allgeier-building-relationship-rookie-rb-jeremiyah-love,Tyler Allgeier
49355483,Betting on the Arizona Cardinals in 2026: Cards the longest of long shots,"Examining the Cardinals' outlook for 2026, the ways to bet them and our best bet going into the NFL season.",2026-07-30T10:45:20Z,https://www.espn.com/espn/betting/story/_/id/49355483/arizona-cardinals-betting-outlook-2026,
49425098,"2026 NFL offseason: Top impact signings, trades, draft picks","Which NFL offseason free agent signings, trade acquisitions and draft picks will have the most impact in Year 1 with their new teams? Let's rank the top 50 for 2026.",2026-07-28T13:43:37Z,https://www.espn.com/nfl/story/_/id/49425098/2026-nfl-offseason-newcomers-impact-ranking-draft-trades-signings,
48915601,"2026 NFL offseason trade grades: Gervon Dexter, Broderick Jones","We're making sense of seven big preseason deals, including Broderick Jones to the Cowboys.",2026-08-30T14:48:53Z,https://www.espn.com/nfl/story/_/id/48915601/2026-nfl-offseason-trade-grades-best-worst-moves-training-camp-preseason,Myles Garrett|Jared Verse|AJ Brown|Wanya Morris|Kayshon Boutte|Jaylen Reed|Jarquez Hunter|Tutu Atwell|Broderick Jones
49771892,Sources: Falcons add Gervon Dexter Sr. in trade with Bears,"The Falcons traded for defensive tackle Gervon Dexter Sr. in a deal with the Bears, sources told ESPN.",2026-08-30T14:09:28Z,https://www.espn.com/nfl/story/_/id/49771892/sources-falcons-add-gervon-dexter-sr-trade-bears,Gervon Dexter Sr|Clark Phillips III
49759616,Falcons still face a QB decision,Marc Raimondi reports on Tua Tagovailoa's preseason finale and the Falcons' looming Week 1 QB decision between Tua and Michael Penix Jr.,2026-08-29T06:33:02Z,https://www.espn.com/video/clip/_/id/49759616/falcons-face-qb-decision,Michael Penix Jr|Tua Tagovailoa
49758431,Atlanta Falcons vs. Miami Dolphins: Game Highlights,Atlanta Falcons vs. Miami Dolphins: Game Highlights,2026-08-29T03:45:56Z,https://www.espn.com/video/clip/_/id/49758431/game-highlights,Jack Velling|Brian Robinson Jr
49758132,Tua Tagovailoa leads TD drive and loses fumble in Falcons' 17-12 preseason win over Dolphins,— Tua Tagovailoa tried to keep his emotions in check. His bid to earn a starting job with a new team took priority over his return to face his former club.,2026-08-29T03:55:29Z,http://www.espn.com/nfl/recap?gameId=401873304,
49741142,Orlovsky puzzled Falcons not starting Penix in preseason finale,Orlovsky puzzled Falcons not starting Penix in preseason finale,2026-08-27T12:39:22Z,https://www.espn.com/video/clip/_/id/49741142/orlovsky-puzzled-falcons-not-starting-penix-preseason-finale,Michael Penix Jr
49734622,Falcons' Za'Darius Smith retired last year due to mother's health,Falcons defensive end Za'Darius Smith opened up Wednesday for the first time about why he suddenly retired during last season with the Eagles.,2026-08-26T21:52:33Z,https://www.espn.com/nfl/story/_/id/49734622/falcons-zadarius-smith-retired-last-year-due-mother-health,Za'Darius Smith
49733404,Tua to start in Falcons' preseason finale; no starter named yet,"Quarterback Michael Penix Jr. will not play Friday for the Atlanta Falcons in their preseason finale, coach Kevin Stefanski said Wednesday, adding that no decision has been made on the team's Week 1 starter at the position.",2026-08-26T18:15:58Z,https://www.espn.com/nfl/story/_/id/49733404/tua-start-falcons-preseason-finale-no-starter-named-yet,Tua Tagovailoa
49649873,2026 Atlanta Falcons: Projecting final 53-man roster,"It may take a while for a QB1 to emerge as Tua Tagovailoa and Michael Penix Jr. battle, so will Atlanta keep 3 QBs?",2026-08-24T10:00:13Z,https://www.espn.com/nfl/story/_/id/49649873/2026-nfl-season-atlanta-falcons-final-roster-projection-depth-chart,
49694493,Falcons quarterback Michael Penix fully cleared to practice,"Falcons quarterback Michael Penix Jr. has been cleared to practice fully, head coach Kevin Stefanski said after Saturday's 34-6 preseason win over the Colts.",2026-08-22T21:15:49Z,https://www.espn.com/nfl/story/_/id/49694493/falcons-quarterback-michael-penix-fully-cleared-practice,Michael Penix Jr
49694286,Falcons' Penix cleared to practice as Rush and Strand pick apart Colts in 34-6 preseason win,— Atlanta Falcons quarterbacks Cooper Rush and Jack Strand took advantage of perhaps their last opportunity to shine this season.,2026-08-22T21:51:46Z,http://www.espn.com/nfl/recap?gameId=401873295,
49673266,"As season opener nears, Falcons still don't have a QB1","Michael Penix Jr. hasn't been cleared to fully practice, and Tua Tagovailoa has struggled. Not ideal for Atlanta.",2026-08-21T10:03:25Z,https://www.espn.com/nfl/story/_/id/49673266/tua-tagovailoa-michael-penix-jr-nfl-season-opener-nears-atlanta-falcons-dont-qb1,Tua Tagovailoa|Michael Penix Jr
49490010,Tracking 2026 NFL hold-ins: Vita Vea resolves contract situation,More on the four players who sat out portions of camp during their contract situations.,2026-08-20T00:51:16Z,https://www.espn.com/nfl/story/_/id/49490010/2026-training-camp-holdin-tracking-updates-bijan-robinson-jahmyr-gibbs-vita-vea-tuli-tuipulotu,Bijan Robinson|Jahmyr Gibbs|Vita Vea|Tuli Tuipulotu
49648078,Falcons sign veteran Za'Darius Smith to aid pass rush,Za'Darius Smith has signed a one-year deal with the Falcons to help bolster their pass rush after losing Jalon Walker and James Pearce Jr. for an extended period.,2026-08-18T13:46:19Z,https://www.espn.com/nfl/story/_/id/49648078/falcons-sign-veteran-zadarius-smith-bolster-pass-rush,Za'Darius Smith|Jalon Walker|James Pearce Jr
49614782,Tua Tagovailoa says Falcons' play 'not up to standard' in loss,"Falcons quarterback Tua Tagovailoa said he was ""frustrated and disappointed"" after a preseason loss to the Broncos, during which he played two series and was 3-of-5 passing for 22 yards.",2026-08-17T15:36:11Z,https://www.espn.com/nfl/story/_/id/49614782/falcons-qb-tua-tagovailoa-frustrated-disappointed-play-preseason-loss-broncos,Tua Tagovailoa
49614199,Barron returns pick 97 yards for a TD as Stidham leads Broncos to runaway 27-7 win over Falcons,— Jarrett Stidham threw a touchdown pass in his bid to keep his hold on Denver’s backup job and Jahdae Barron returned an interception 97 yards for a touchdown as the Broncos...,2026-08-15T03:09:29Z,http://www.espn.com/nfl/recap?gameId=401873278,
49611663,Falcons edge rusher James Pearce suspended 8 games by NFL,"Falcons edge rusher James Pearce Jr. will be suspended by the NFL for eight games due to violating the league's personal conduct policy, the league announced Friday afternoon.",2026-08-15T03:40:14Z,https://www.espn.com/nfl/story/_/id/49611663/falcons-edge-rusher-james-pearce-suspended-8-games-nfl,James Pearce Jr
49448429,"2026 Atlanta Falcons training camp: Latest intel, updates","Catch up on our daily updates from Falcons training camp, including intel on QBs, position battles and potential breakouts.",2026-08-13T19:24:39Z,https://www.espn.com/nfl/story/_/id/49448429/atlanta-falcons-training-camp-2026-intel-updates,Tua Tagovailoa|Michael Penix Jr|Cooper Rush|Jack Strand
49591515,"Tua Tagovailoa to start Friday, not yet named Falcons' QB1","Falcons quarterback Tua Tagovailoa will start Friday night in the team's preseason opener against the Broncos, coach Kevin Stefanski said Wednesday.",2026-08-13T10:36:02Z,https://www.espn.com/nfl/story/_/id/49591515/tua-tagovailoa-start-friday-not-yet-named-falcons-qb1,Tua Tagovailoa|Michael Penix Jr
49548073,Ranking 10 most interesting recent NFL contract extensions,"Jahmyr Gibbs' new deal is the latest in a flurry of extensions shaping the 2026 preseason, and Seth Walder stacked the 10 most notable.",2026-08-07T10:42:54Z,https://www.espn.com/nfl/story/_/id/49548073/nfl-contract-extensions-ranking-jahmyr-gibbs-bijan-robinson-jalen-carter,Jahmyr Gibbs|Brian O'Neill|Chris Olave|Bijan Robinson|Zay Flowers|Darnell Wright|Jalen Carter|Jonathan Taylor|Denzel Ward|Matthew Bergeron
49539998,Matthew McConaughey contacts Bijan Robinson following contract extension,"When word got out about Robinson's new extension with the Falcons, it didn't take long for McConaughey to get in touch. In fact, it was only a matter of minutes.",2026-08-05T20:50:21Z,https://www.espn.com/nfl/story/_/id/49539998/bijan-robinson-atlanta-falcons-matthew-mcconaughey,Bijan Robinson
49538686,"Robinson, Gibbs told each other 'hang in there' amid hold-ins","Falcons running back Bijan Robinson said he has spoken with Gibbs, his Lions counterpart, about their respective contract negotiations. Both began training camp ""holding in"" with their teams.",2026-08-05T18:16:52Z,https://www.espn.com/nfl/story/_/id/49538686/robinson-gibbs-told-other-hang-there-amid-hold-ins,Bijan Robinson|Jahmyr Gibbs
49531397,UDFA QB Jack Strand making most of first-team reps,"Strand, a Division II All-American, has earned praise for his arm strength and ability to lead.",2026-08-05T13:02:31Z,https://www.espn.com/nfl/story/_/id/49531397/falcons-qb-jack-strand,Jack Strand
49531025,"Falcons' Jalon Walker has torn ACL, will miss 2026 season",Falcons edge rusher Jalon Walker will miss the 2026 season because of a torn ACL.,2026-08-05T15:36:29Z,https://www.espn.com/nfl/story/_/id/49531025/sources-falcons-jalon-walker-feared-torn-acl,Jalon Walker
49528788,"Falcons extend Robinson, offensive core, put spotlight on QB","Bijan Robinson, Drake London, Kyle Pitts and Matthew Bergeron have extensions, but they don't have a QB1 -- yet.",2026-08-04T17:26:47Z,https://www.espn.com/nfl/story/_/id/49528788/atlanta-falcons-sign-bijan-robinson-offensive-core-put-spotlight-qb,Bijan Robinson|Tua Tagovailoa
49528325,Evan Cohen: 'I despise the way the Atlanta Falcons are building their team',Evan Cohen: 'I despise the way the Atlanta Falcons are building their team',2026-08-04T14:30:20Z,https://www.espn.com/video/clip/_/id/49528325/despise-way-atlanta-falcons-building-their-team,Bijan Robinson
49527972,Darlington: Bijan's record deal will have 'massive implications' across the league,Darlington: Bijan's record deal will have 'massive implications' across the league,2026-08-04T12:21:21Z,https://www.espn.com/video/clip/_/id/49527972/bijan-record-deal-massive-implications-league,Bijan Robinson|Jason McCourty
49527923,"Sources: Falcons, RB Robinson reach 3-year deal worth up to $75M","Bijan Robinson and the Atlanta Falcons reached agreement on a three-year extension worth up to $75 million that will make him the highest-paid running back in NFL history, sources told ESPN's Adam Schefter and NFL Network's Ian Rapoport.",2026-08-05T10:38:23Z,https://www.espn.com/nfl/story/_/id/49527923/falcons-rb-robinson-reach-3-year-deal-worth-75m,Bijan Robinson
49490023,"2026 NFL training camp news, buzz, fantasy football updates","Here's what we heard on the road at training camp for the Bears, Bucs, Chargers, Chiefs, Colts, Commanders, Dolphins, Jaguars, Falcons, Packers, Rams and Vikings.",2026-08-04T16:01:14Z,https://www.espn.com/nfl/story/_/id/49490023/2026-nfl-training-camp-latest-updates-buzz-notes-news-fantasy-football,
49505699,"Falcons sign guard Matthew Bergeron to 4-year, $96M extension",The Falcons have signed starting left guard Matthew Bergeron to a four-year extension that sources said is worth $96 million with $60 million guaranteed.,2026-08-01T18:09:30Z,https://www.espn.com/nfl/story/_/id/49505699/falcons-sign-matthew-bergeron-four-year-96m-extension,Matthew Bergeron
49497586,"Tua Tagovailoa not fretting back issue, unsure on full return","Quarterback Tua Tagovailoa (back) said he believes the Falcons are keeping him out for precautionary reasons and if it were a game week, he would likely be ready to go.",2026-07-31T17:13:28Z,https://www.espn.com/nfl/story/_/id/49497586/tua-tagovailoa-not-fretting-back-issue-unsure-full-return,Tua Tagovailoa
45789518,"Anatomy of an NFL holdout: What it's like for players, agents, teams",Holdouts can be brutal. Here are some notable stories from each side of the bargaining table.,2026-07-31T18:01:44Z,https://www.espn.com/nfl/story/_/id/45789518/nfl-training-camp-holdouts-trey-hendrickson-terry-mclaurin,Trent Williams|Micah Parsons
49492725,"Cristina Ulbrich, wife of Falcons' DC, dies from cancer","Cristina Ulbrich, the wife of Falcons defensive coordinator Jeff Ulbrich, died from cancer Thursday, the team announced.",2026-07-31T11:06:56Z,https://www.espn.com/nfl/story/_/id/49492725/cristina-ulbrich-wife-falcons-dc-dies-cancer,
49489536,Falcons WR Drake London's proposal to Sofia Gabay included Taco Bell,The Atlanta Falcons wide receiver had a creative way of proposing to his girlfriend -- hot sauce and all.,2026-07-30T17:35:20Z,https://www.espn.com/nfl/story/_/id/49489536/drake-london-atlanta-falcons-engagement-sofia-gabay-taco-bell,Drake London
49480189,"Star RBs Robinson, Gibbs appear to be hold-ins while seeking deals",Running backs Bijan Robinson and Jahmyr Gibbs appear to be hold-ins as they seek new contracts.,2026-07-29T18:19:25Z,https://www.espn.com/nfl/story/_/id/49480189/star-rbs-robinson-gibbs-appear-hold-ins-seeking-deals,Bijan Robinson|Jahmyr Gibbs
49479676,'Get Up' crew reacts to Falcons signing veteran QB Cooper Rush,'Get Up' crew reacts to Falcons signing veteran QB Cooper Rush,2026-07-29T13:43:30Z,https://www.espn.com/video/clip/_/id/49479676/get-crew-reacts-falcons-signing-veteran-qb-cooper-rush,Cooper Rush|Domonique Foxworth
49762578,Giants trade for DT CJ Okoye from Ravens for '28 draft pick,"Defensive tackle CJ Okoye, 24, will reunite with Giants coach John Harbaugh, after the Baltimore Ravens dealt the veteran reserve to New York for a 2028 seventh-round pick, the teams announced Saturday afternoon.",2026-08-29T21:26:04Z,https://www.espn.com/nfl/story/_/id/49762578/sources-giants-acquire-dt-okoye-ravens-28-pick,CJ Okoye
49744451,2026 NFL projected sack leaders: Top 50 pass rushers,Will Aidan Hutchinson topple Myles Garrett as the sack champion? What about Micah Parsons? Seth Walder projects this season's top sack-getters.,2026-08-29T10:46:47Z,https://www.espn.com/nfl/story/_/id/49744451/nfl-sack-projections-2026-season-top-50-pass-rushers,Aidan Hutchinson|Micah Parsons|Will Anderson Jr|Nik Bonitto|Myles Garrett|Nick Bosa|Brian Burns|Abdul Carter|Tuli Tuipulotu|Alex Highsmith|Trey Hendrickson|Odafe Oweh|Jeffery Simmons|Dexter Lawrence II
49759346,K Tyler Loop struggles in preseason finale,Jamison Hensley discusses whether Tyler Loop's job is in jeopardy after a lackluster preseason.,2026-08-29T05:26:20Z,https://www.espn.com/video/clip/_/id/49759346/k-tyler-loop-struggles-preseason-finale,Tyler Loop
49758492,"Ravens' Loop misses two FGs, booed amid job security questions","Ravens kicker Tyler Loop missed two field goal attempts of 51 and 58 yards vs. the Commanders on Friday night, leading to boos at M&T Bank Stadium and questions about his job security.",2026-08-29T04:05:51Z,https://www.espn.com/nfl/story/_/id/49758492/ravens-loop-misses-two-fgs-booed-amid-job-security-questions,Tyler Loop
49757640,"Ravens bludgeon Commanders 41-3 in preseason finale, but Tyler Loop misses 2 more field goals","— In a preseason finale that was nearly flawless for Baltimore, kicker Tyler Loop gave the Ravens cause for concern.",2026-08-29T02:40:30Z,http://www.espn.com/nfl/recap?gameId=401873302,
49757636,Washington Commanders vs. Baltimore Ravens Game Highlights,Washington Commanders vs. Baltimore Ravens Game Highlights,2026-08-29T01:33:58Z,https://www.espn.com/video/clip/_/id/49757636/washington-commanders-vs-baltimore-ravens-game-highlights,Tyler Huntley|Joe Fagnano
49753097,Could this really be Lamar's last season in Baltimore?,Could this really be Lamar's last season in Baltimore?,2026-08-28T14:43:26Z,https://www.espn.com/video/clip/_/id/49753097/could-really-lamar-last-season-baltimore,Lamar Jackson
49737418,Lamar Jackson confident in new offense,Jamison Hensley breaks down the Ravens' progress learning the new offense.,2026-08-27T02:00:03Z,https://www.espn.com/video/clip/_/id/49737418/lamar-jackson-confident-new-offense,
49734080,Ravens' Lamar Jackson says injuries led to running less in 2025,Ravens quarterback Lamar Jackson said injuries in 2025 led to him running for the fewest times of his eight-year NFL career.,2026-08-27T10:27:44Z,https://www.espn.com/nfl/story/_/id/49734080/ravens-lamar-jackson-says-injuries-led-running-less-2025,Lamar Jackson
49712761,"How Jesse Minter has motivated Lamar Jackson, Ravens to 'Be The Best'",Competitive drive. Player connection. Cool demeanor. All these are why the Ravens believe the 43-year-old can elevate Baltimore to a championship level.,2026-08-25T10:00:11Z,https://www.espn.com/nfl/story/_/id/49712761/how-jesse-minter-motivated-lamar-jackson-ravens-best,
49714805,Ravens believe center Danny Pinter is out for season,The Ravens now believe center Danny Pinter is out for the season and are unsure whether Pro Bowl defensive tackle Nnamdi Madubuike will be ready for the start of the regular season.,2026-08-24T20:08:39Z,https://www.espn.com/nfl/story/_/id/49714805/ravens-believe-center-danny-pinter-season,Danny Pinter|Nnamdi Madubuike
49671327,Predicting NFL teams most likely to improve in 2026 season,"Can the Giants and Jets improve on their awful 2025 records? Will the Chiefs, Lions and Ravens all make it back to the playoffs?",2026-08-25T10:31:15Z,https://www.espn.com/nfl/story/_/id/49671327/2026-nfl-season-predict-teams-improve-more-wins-chiefs-lions-giants-jets-ravens,
49679524,2026 Baltimore Ravens: Projecting final 53-man roster,The most high-profile decision is whether Baltimore will place DT Nnamdi Madubuike on injured reserve.,2026-08-24T10:01:24Z,https://www.espn.com/nfl/story/_/id/49679524/2026-nfl-season-baltimore-ravens-final-roster-projection-depth-chart,
49694431,J.J. McCarthy's misfires at QB stand out for the Vikings in a 13-3 preseason loss to the Ravens,"— J.J. McCarthy had an erratic start for the Minnesota Vikings, completing 5 of 10 passes for 81 yards in a 13-3 exhibition loss to Baltimore on Saturday, while undrafted rookie Joe Fagnano threw...",2026-08-22T22:16:29Z,http://www.espn.com/nfl/recap?gameId=401873291,
49685741,NFL reviewing Ravens WR Bateman over family violence arrest,"The Ravens have informed the NFL of wide receiver Rashod Bateman's arrest in June on family violence charges, and the league said the case is under review.",2026-08-22T20:27:11Z,https://www.espn.com/nfl/story/_/id/49685741/nfl-reviewing-ravens-wr-bateman-family-violence-arrest,Rashod Bateman
49684025,Ravens' Jesse Minter leads team in rapping Eminem's 'Lose Yourself',The newly minted Ravens head coach led his team in a rousing rendition of the 2002 classic at a team dinner.,2026-08-21T21:13:39Z,https://www.espn.com/nfl/story/_/id/49684025/baltimore-ravens-jesse-minter-eminem-lose,Ja'Kobi Lane
49673480,Ravens center Pinter to miss 'extended time' with leg injury,"Ravens starting center Danny Pinter is expected to miss ""an extended amount of time"" after injuring his right leg during joint practices with the Vikings, coach Jesse Minter said Thursday.",2026-08-20T20:29:59Z,https://www.espn.com/nfl/story/_/id/49673480/ravens-center-pinter-miss-extended-leg-injury,Danny Pinter
49659009,Why Louis Riddick still has faith in Derrick Henry,Why Louis Riddick still has faith in Derrick Henry,2026-08-19T14:06:40Z,https://www.espn.com/video/clip/_/id/49659009/why-louis-riddick-faith-derrick-henry,Derrick Henry
49650252,"Campbell breaks silence on mother's death, brother's murder charge",Baltimore Ravens defensive end Calais Campbell asked for continued prayers and support after addressing the death of his mother and his brother's murder charge for the first time publicly on Tuesday.,2026-08-18T19:10:33Z,https://www.espn.com/nfl/story/_/id/49650252/campbell-breaks-silence-mother-death-brother-murder-charge,Calais Campbell
49641964,Countdown to the Super Bowl: Best teams ever to fall short,"ESPN is kicking off it's countdown to Super Bowl LXI series by ranking the best teams that didn't quite make the big game, including the 2023 Ravens.",2026-08-18T15:24:52Z,https://www.espn.com/nfl/story/_/id/49641964/super-bowl-lxi-2027-countdown-best-teams-miss-1976,
49640128,How important is pass protection for a running back? Ask Jaxson Dart,"Dart was leveled after Tyrone Tracy missed a block, reflecting how important the underrated skill is for running backs.",2026-08-18T17:39:36Z,https://www.espn.com/nfl/story/_/id/49640128/running-back-pass-protection-jaxson-dart-tyrone-tracy-giants-bengals-samaje-perine-vikings-aaron-jones,Jaxson Dart|Tyrone Tracy Jr|Jay Ward|Samaje Perine|Zach Allen|Rhamondre Stevenson|Justice Hill
49643190,"O.J. Brigance, Ravens' 'beloved legend,' dies at 56 after ALS fight","O.J. Brigance, a former Ravens linebacker and the team's longtime adviser in player engagement, has died 19 years after being diagnosed with ALS. He was 56.",2026-08-18T00:34:24Z,https://www.espn.com/nfl/story/_/id/49643190/oj-brigance-won-super-bowl-ravens-battling-als-dies-56,
49623897,Ja'Kobi Lane has TD catch on promising night for Ravens rookie receivers in 24-7 win over Eagles,"— Rookie wide receiver Ja’Kobi Lane keeps turning heads. On Saturday night, so did his recently drafted teammates.",2026-08-16T03:13:31Z,http://www.espn.com/nfl/recap?gameId=401873284,
49601342,"2026 NFL training camp awards: Best position battles, more","As training camps wind down and preseason picks up, we handed out awards to some players, teams and position battles that have stood out the most.",2026-08-14T15:57:22Z,https://www.espn.com/nfl/story/_/id/49601342/2026-nfl-training-camp-superlatives-most-likely-succeed-preseason-mvp,Aaron Donald|Deshaun Watson|Shedeur Sanders|Jalen Hurts|Braelon Allen|Cyrus Allen|Haynes King
49434567,"2026 Baltimore Ravens training camp: Latest intel, updates","Catch up on our daily updates from Ravens training camp, including intel on QBs, position battles and potential breakouts.",2026-08-13T19:52:42Z,https://www.espn.com/nfl/story/_/id/49434567/baltimore-ravens-training-camp-2026-intel-updates,Lamar Jackson|Ja'Kobi Lane|Trey Hendrickson|Tyler Loop|Olaivavega Ioane
49591531,Inside Lamar Jackson's adjustments to Ravens' new offense,"Under new OC Declan Doyle, Lamar Jackson has the opportunity to embrace a new vision.",2026-08-13T11:24:12Z,https://www.espn.com/nfl/story/_/id/49591531/inside-lamar-jackson-adjustment-baltimore-ravens-new-offense-jesse-minter,
49521144,"Ranking NFL quarterbacks by trait: Best arm, accuracy, more",Does Josh Allen have the league's strongest arm? Is Lamar Jackson still the most unstoppable QB rusher? And where does Caleb Williams stand among the best improvisers?,2026-08-13T15:19:01Z,https://www.espn.com/nfl/story/_/id/49521144/2026-ranking-best-nfl-quarterbacks-top-10-trait-skill-arm-accuracy-rushing,
49583973,Ravens starting CB Nate Wiggins injures leg in 1-on-1 drills,"Ravens coach Jesse Minter didn't give specifics on the injury to starting CB Nate Wiggins, but did say ""I think there's optimism.""",2026-08-11T21:25:45Z,https://www.espn.com/nfl/story/_/id/49583973/ravens-starting-cb-nate-wiggins-injures-leg-1-1-drills,Nate Wiggins
49574464,"2026 NFL training camp news, buzz, fantasy football updates","Here's what we heard on the road at training camp for the 49ers, Bengals, Bills, Browns, Cowboys, Eagles, Jets, Raiders, Ravens, Seahawks and Steelers.",2026-08-11T15:04:58Z,https://www.espn.com/nfl/story/_/id/49574464/2026-nfl-training-camp-updates-buzz-notes-news-fantasy-football,
49562105,Ravens WR Zay Flowers day-to-day after quad contusion,"Ravens wide receiver Zay Flowers suffered a left quad contusion during training camp practice, avoiding a more concerning injury but still one that could sideline him briefly.",2026-08-08T20:12:45Z,https://www.espn.com/nfl/story/_/id/49562105/ravens-wr-zay-flowers-day-day-quad-contusion,Zay Flowers
49539209,Zay Flowers hoping Ravens extend QB Lamar Jackson,"After signing his four-year extension, Pro Bowl receiver Zay Flowers said he hopes quarterback Lamar Jackson can be with the Ravens equally as long.",2026-08-05T19:00:10Z,https://www.espn.com/nfl/story/_/id/49539209/zay-flowers-hoping-ravens-extend-qb-lamar-jackson,Lamar Jackson|Zay Flowers
49536677,Why Greeny expects Lamar Jackson to go on a 'scorched-earth tour' this season,Why Greeny expects Lamar Jackson to go on a 'scorched-earth tour' this season,2026-08-05T13:31:57Z,https://www.espn.com/video/clip/_/id/49536677/why-greeny-expects-lamar-jackson-go-scorched-earth-tour-season,Lamar Jackson|Zay Flowers
49529424,Stephen A. on Zay Flowers' 4-year Ravens extension: 'He deserves it',Stephen A. on Zay Flowers' four-year Ravens extension: 'He deserves it' ,2026-08-05T15:39:30Z,https://www.espn.com/video/clip/_/id/49529424/deserves-it,Zay Flowers|Jason McCourty|Gerald McCoy
49529316,"Zay Flowers, Ravens agree to four-year, $140M extension","Two-time Pro Bowl receiver Zay Flowers has agreed with the Ravens on a four-year, $140M extension that includes $108 million guaranteed, his agency told ESPN.",2026-08-04T18:21:41Z,https://www.espn.com/nfl/story/_/id/49529316/zay-flowers-ravens-agree-four-year-140m-extension,Zay Flowers
49496459,How will Lamar Jackson affect the Ravens' running game this season?,How will Lamar Jackson affect the Ravens' running game this season?,2026-07-31T14:27:27Z,https://www.espn.com/video/clip/_/id/49496459/how-lamar-jackson-affect-ravens-running-game-season,Lamar Jackson
49490329,"Ravens' Henry, entering 11th year, not thinking about retirement",Ravens running back Derrick Henry said Thursday he isn't contemplating calling it quits as he enters his 11th NFL season.,2026-07-30T19:07:07Z,https://www.espn.com/nfl/story/_/id/49490329/ravens-henry-entering-11th-year-not-thinking-retirement,Derrick Henry
49762865,Source: Bills cut punter Wishnowsky; Hardman also released,The Bills are releasing veteran returner and wide receiver Mecole Hardman Jr. A source confirmed to ESPN that the team is also releasing punter Mitch Wishnowsky.,2026-08-29T20:10:53Z,https://www.espn.com/nfl/story/_/id/49762865/source-bills-releasing-veterans-hardman-wishnowsky,Mecole Hardman Jr|Mitch Wishnowsky
49748651,Bills close preseason with 28-27 win over Steelers on Buechele's late 2-point conversion,— Buffalo Bills rookie head coach Joe Brady closed a perfect preseason with a come-from-behind victory and the opportunity to get Josh Allen’s insights as a play-caller on the sideline.,2026-08-28T03:52:29Z,http://www.espn.com/nfl/recap?gameId=401873298,
49723959,Josh Allen's got jokes -- some too mischievous to tell,We asked the people who have been on the other side of an Allen joke or prank. Here are their stories.,2026-08-27T10:00:01Z,https://www.espn.com/nfl/story/_/id/49723959/josh-allen-got-jokes-some-too-mischievous-tell,
49721794,NFL execs on most likely non-U.S. cities to add a team and why,"Roger Goodell has ""no doubt"" there will be NFL teams outside the US. We asked team executives which cities make the most sense.",2026-08-26T09:56:11Z,https://www.espn.com/nfl/story/_/id/49721794/nfl-international-mexico-city-london-toronto-berlin-goodell,
49716563,Police close case into death of Ed Oliver's son; no criminal findings,"A police investigation into the death of Bills defensive tackle Ed Oliver's son has resulted in no criminal findings and the case is now considered closed, the Harris County Sheriff's Office in Texas announced Monday.",2026-08-25T00:26:33Z,https://www.espn.com/nfl/story/_/id/49716563/texas-police-close-case-death-bills-defensive-tackle-ed-oliver-son,Ed Oliver
49679821,2026 Buffalo Bills: Projecting final 53-man roster,New coordinator Jim Leonhard will have some difficult decisions to make at inside linebacker and cornerback.,2026-08-24T10:02:03Z,https://www.espn.com/nfl/story/_/id/49679821/2026-nfl-season-buffalo-bills-final-roster-projection-depth-chart,
49694638,Shedeur Sanders throws TD pass in final chance to win starting QB job but Bills batter Browns 31-7,"— As thunder rumbled around Huntington Bank Field following Saturday's game, the Browns' confusing quarterback competition grew stormier.",2026-08-22T23:14:29Z,http://www.espn.com/nfl/recap?gameId=401873294,
49693030,Bills star DT Ed Oliver mourning tragic death of son,The young son of Bills defensive tackle Ed Oliver died June 28 after he was found unresponsive in a swimming pool by family members at a residence outside Houston.,2026-08-25T02:05:42Z,https://www.espn.com/nfl/story/_/id/49693030/bills-star-dt-ed-oliver-mourning-tragic-death-son,Ed Oliver
49434544,"2026 Buffalo Bills training camp: Latest intel, updates","Follow our updates from Bills training camp, including intel on QBs, position battles and potential breakouts.",2026-08-20T22:05:42Z,https://www.espn.com/nfl/story/_/id/49434544/buffalo-bills-training-camp-2026-intel-updates,Keon Coleman|Josh Allen|DJ Moore|CJ Gardner-Johnson|Tyler Bass|Dalton Kincaid|Jackson Hawes
49643423,"New grass field held up well in opener, Bills president says","When the Bills opened Highmark Stadium last week, the field showed signs of wear in a preseason win over the Panthers, but president Pete Guelli told The Associated Press on Monday that ""from a playability and safety perspective, everybody's very happy.""",2026-08-18T00:10:25Z,https://www.espn.com/nfl/story/_/id/49643423/new-grass-field-held-well-opener-bills-president-says,
49621171,Josh Allen gets comfortable in Bills' new stadium with TD pass in 29-14 preseason win over Panthers,— New head coach. New Buffalo Bills stadium.,2026-08-15T22:28:28Z,http://www.espn.com/nfl/recap?gameId=401873282,
49611988,Bills' Phidarian Mathis banned 3 games for substance abuse violation,Bills defensive tackle Phidarian Mathis has been suspended for the first three games of the season for violating the NFL's substance abuse policy.,2026-08-15T00:27:33Z,https://www.espn.com/nfl/story/_/id/49611988/bills-phidarian-mathis-banned-3-games-substance-abuse-violation,Phidarian Mathis
49610104,Why Canty is more worried about the Bills' defense than DJ Moore fitting in,Why Canty is more worried about the Bills' defense than DJ Moore fitting in,2026-08-14T15:07:28Z,https://www.espn.com/video/clip/_/id/49610104/why-canty-more-worried-bills-defense-dj-moore-fitting-in,Josh Allen|DJ Moore
49601678,"Allen, Bills starters to play Saturday in 1st game at new stadium",A new coaching staff and another chance to get accustomed to Buffalo's new stadium led to Bills coach Joe Brady's decision to have Josh Allen and the rest of his healthy starters play in the team's preseason opener.,2026-08-13T18:28:16Z,https://www.espn.com/nfl/story/_/id/49601678/allen-bills-starters-play-saturday-1st-game-new-stadium,Josh Allen|Josh Allen|Josh Allen
49583091,Efe Obada: British NFL trailblazer announces retirement after seven seasons,"Efe Obada has announced his retirement from the NFL after a trailblazing career, telling ESPN he was walking away with ""no regrets.""",2026-08-13T06:13:00Z,https://www.espn.com/nfl/story/_/id/49583091/efe-obada-british-nfl-trailblazer-announces-retirement-seven-seasons,
49583212,"Bills, fans get first look inside new Highmark Stadium","ESPN chronicled the Buffalo Bills' ""Return of the Blue & Red night"" on Saturday, the first public event held at the new Highmark Stadium.",2026-08-12T10:00:11Z,https://www.espn.com/nfl/story/_/id/49583212/buffalo-bills-fans-first-look-new-highmark-stadium-practice,
49577679,Bills to address 'internal and external feedback' on new stadium,The Bills have responded to a group of fans expressing some frustration with sightlines from certain areas of the team's new Highmark Stadium.,2026-08-10T22:21:33Z,https://www.espn.com/nfl/story/_/id/49577679/bills-address-internal-external-feedback-new-stadium,
49576109,Josh Allen to McAfee: Bills' new stadium is 'unbelievable',Josh Allen to McAfee: Bills' new stadium is 'unbelievable',2026-08-13T18:05:40Z,https://www.espn.com/video/clip/_/id/49576109/bills-new-stadium-unbelievable,Josh Allen|Pat McAfee
49552831,"Bills agree to 4-year, $78.4M deal with RG O'Cyrus Torrence","The Bills have reached an agreement with right guard O'Cyrus Torrence on a four-year, $78.4 million extension that includes $46 million guaranteed, his agents told ESPN's Adam Schefter and NFL Network's Ian Rapoport.",2026-08-07T15:39:39Z,https://www.espn.com/nfl/story/_/id/49552831/bills-agree-4-year-784m-deal-rg-ocyrus-torrence,O'Cyrus Torrence
49546526,Bills' C.J. Gardner-Johnson 'can't wait' to play vs. Texans,"Bills safety C.J. Gardner-Johnson said he ""can't wait"" to play the Texans -- one of his former teams -- when the Bills visit Houston in Week 1.",2026-08-06T18:49:28Z,https://www.espn.com/nfl/story/_/id/49546526/bills-cj-gardner-johnson-wait-play-vs-texans,CJ Gardner-Johnson
49509353,"Gardner-Johnson pays off $20,000 of Bills staffer's student loans","During a Twitch stream Thursday, the Bills' safety gave a huge gift to a graduate student working with the team's training staff.",2026-08-02T16:05:51Z,https://www.espn.com/nfl/story/_/id/49509353/cj-gardner-johnson-buffalo-bills-student-loans-20000-twitch-stream,CJ Gardner-Johnson
49505167,Source: Bills S C.J. Gardner-Johnson has lower calf strain,"Buffalo Bills safety C.J. Gardner-Johnson was carted to the locker room after suffering a lower-body injury during training camp practice Saturday, and a source later told ESPN's Adam Schefter that tests revealed the veteran has a lower calf strain.",2026-08-01T22:24:11Z,https://www.espn.com/nfl/story/_/id/49505167/bills-safety-gardner-johnson-carted-leg-injury,CJ Gardner-Johnson
33189973,History of Super Bowl in Los Angeles: The birthplace of the big game,We look back at the previous eight Super Bowls in the L.A. market ahead of Super Bowl LXI on ESPN (Feb. 14).,2026-07-31T10:00:16Z,https://www.espn.com/nfl/story/_/id/33189973/the-history-super-bowl-los-angeles-starting-tradition-one-perfect-season-dynasties-action,
49481725,Josh Allen on Bills' alternate uniforms: 'Stop hating on the jerseys',"Josh Allen defended the Bills' widely panned alternate uniforms, saying the franchise has to ""move forward and do something new.""",2026-07-29T23:02:02Z,https://www.espn.com/nfl/story/_/id/49481725/josh-allen-bills-alternate-uniforms-stop-hating-jerseys,Josh Allen
49462376,Buffalo Bills unveil new 'Nickel City' alternate uniforms,"The design is described by the team as ""a tribute to the strength, grit and authenticity of Western New York's hard-working people throughout history.""",2026-07-27T15:55:58Z,https://www.espn.com/nfl/story/_/id/49462376/buffalo-bills-alternate-uniforms-nickel-city,
49447669,"Big stories of the NFL 2026 offseason, from Garrett to Kelce","With training camps opening across the NFL, here's a cheat sheet on what you might have missed this offseason.",2026-07-27T10:30:11Z,https://www.espn.com/nfl/story/_/id/49447669/2026-nfl-offseason-catchup-myles-garrett-aj-brown-travis-kelce-wedding-highlight,Myles Garrett|AJ Brown|Jaylen Waddle|Trey Hendrickson|Kyler Murray|Russell Wilson|Mike Evans|Kirk Cousins|Fernando Mendoza|Patrick Mahomes|Travis Kelce|Aaron Rodgers|Brendan Sorsby|Brandon Aiyuk|Jaxson Dart
49440996,Brandon Beane tells McAfee why Bills picked grass over turf at new stadium,Brandon Beane tells McAfee why Bills picked grass over turf at new stadium,2026-07-24T17:18:49Z,https://www.espn.com/video/clip/_/id/49440996/brandon-beane-tells-mcafee-why-bills-picked-grass-turf-new-stadium,
49107696,"2026 NFL training camp previews, projections for all 32 teams","Here are the biggest storylines as NFL teams open camp, plus 53-man roster predictions.",2026-07-24T14:04:20Z,https://www.espn.com/nfl/story/_/id/49107696/2026-nfl-training-camp-preview-storylines-53-man-roster-projections,
49096995,2026 Buffalo Bills training camp preview,"The Bills begin training camp July 29 at St. John Fisher University in Pittsford, New York. Here are key players to watch and a 53-man roster projection.",2026-07-23T13:52:55Z,https://www.espn.com/nfl/story/_/id/49096995/2026-buffalo-bills-training-camp-preview,Josh Allen
39395382,What is the oldest NFL stadium? Soldier to SoFi in age,Many different characteristics make NFL stadiums unique. Age is a hot topic among fans. Here's how stadiums stack up from oldest to newest.,2026-07-22T20:51:38Z,https://www.espn.com/nfl/story/_/id/39395382/what-oldest-nfl-stadium-soldier-sofi-age,
49417396,"Ranking NFL teams by under-25 talent: Pats, Texans lead list","Which NFL rosters have the most star players under 25 years old? We stacked all 32 teams, starting with two AFC contenders.",2026-07-22T15:43:47Z,https://www.espn.com/nfl/story/_/id/49417396/2026-ranking-all-32-nfl-teams-25-young-players,
49410332,Has Allen surpassed Mahomes as NFL's best QB? Stephen A. weighs in,Has Allen surpassed Mahomes as NFL's best QB? Stephen A. weighs in,2026-07-20T15:35:26Z,https://www.espn.com/video/clip/_/id/49410332/has-allen-surpassed-mahomes-nfl-best-qb-stephen-weighs-in,Josh Allen|Patrick Mahomes
49298602,Betting on the Buffalo Bills in 2026: Expect victories to add up,"Examining the Bills' outlook for 2026, the ways to bet them and our best bet going into the NFL season.",2026-07-21T14:53:47Z,https://www.espn.com/espn/betting/story/_/id/49298602/buffalo-bills-betting-outlook-2026,
49764268,Source: Panthers agree with veteran LB Bobby Okereke,"The Carolina Panthers agreed to terms on a one-year deal with veteran inside linebacker Bobby Okereke on Saturday, a source told ESPN's Jeremy Fowler.",2026-08-29T19:04:53Z,https://www.espn.com/nfl/story/_/id/49764268/source-panthers-agree-veteran-lb-bobby-okereke,Bobby Okereke
49760625,Panthers face tough decisions at cut deadline,Mike Kaye on the tough decisions the Panthers will face to get their roster down to 53 players by Sunday's deadline.,2026-08-29T10:42:01Z,https://www.espn.com/video/clip/_/id/49760625/panthers-face-tough-decisions-cut-deadline,
49758129,Miles Davis' TD run lifts Panthers to 16-13 win over Texans in preseason finale,— Carolina Panthers running back Miles Davis said his father was a huge jazz fan.,2026-08-29T03:50:29Z,http://www.espn.com/nfl/recap?gameId=401873307,
49758059,Houston Texans vs. Carolina Panthers Game Highlights,Houston Texans vs. Carolina Panthers Game Highlights,2026-08-29T02:53:41Z,https://www.espn.com/video/clip/_/id/49758059/houston-texans-vs-carolina-panthers-game-highlights,Brett Rypien|Miles Davis|Ryan Fitzgerald
49737112,Panthers' waiver wire watch: 3 biggest areas of need,"With the cut-down deadline Sunday, Carolina could look to make claims for potential upgrades at the bottom of the roster.",2026-08-27T13:57:58Z,https://www.espn.com/nfl/story/_/id/49737112/carolina-panthers-2026-waiver-wire-claims-trade-watch-cutdown-3-biggest-areas-need,Claudin Cherelus|Trevin Wallace
49377273,"2026 Carolina Panthers training camp: Latest intel, updates","Catch up on our updates from Panthers training camp, including intel on QBs, position battles and potential breakouts.",2026-08-26T22:43:13Z,https://www.espn.com/nfl/story/_/id/49377273/carolina-panthers-training-camp-2026-intel-updates,Bryce Young|Nic Scourton|Mitchell Evans|Chris Brazzell II|Kenny Pickett|Xavier Legette|Darren Waller|Tetairoa McMillan|Haynes King
49732922,"Texans' Braden Smith, Ali Gaye carted off from joint practice",Texans right tackle Braden Smith and reserve defensive end Ali Gaye were carted off the field together Wednesday early in a joint practice with the Panthers.,2026-08-26T17:33:07Z,https://www.espn.com/nfl/story/_/id/49732922/texans-braden-smith-ali-gaye-carted-joint-practice,
49725757,"Panthers coach Canales backs QB Young, defers on extension",Dave Canales reiterated Carolina's commitment to Bryce Young for the 2026 season but said any talk of a potential long-term pact with the quarterback will be the responsibility of the front office.,2026-08-25T22:21:38Z,https://www.espn.com/nfl/story/_/id/49725757/panthers-coach-canales-backs-qb-young-defers-extension,Bryce Young
49676613,Predicting NFL teams most likely to decline in 2026 season,Are the Bears getting too much hype? Did the Panthers and Jaguars overachieve last season? And will the Broncos and Patriots come up short of expectations this season?,2026-08-25T13:21:32Z,https://www.espn.com/nfl/story/_/id/49676613/2026-nfl-season-predict-teams-decline-fewer-wins-bears-broncos-jaguars-panthers-patriots,
49669547,2026 Carolina Panthers: Projecting final 53-man roster,"While tight end is still a position of discussion for Carolina, questions remain at inside linebacker and O-line.",2026-08-24T10:01:32Z,https://www.espn.com/nfl/story/_/id/49669547/2026-nfl-season-carolina-panthers-final-roster-projection-depth-chart,
49686703,Bryce Young and the Panthers find better footing in a 34-17 victory at the Jaguars,"Bryce Young had much more success in his second game of the preseason, going 5 of 6 for 49 yards passing and setting up a touchdown in the Carolina Panthers' 34-17 victory over the Jacksonville Jaguars on Friday night.",2026-08-22T03:30:29Z,http://www.espn.com/nfl/recap?gameId=401873287,
49643331,Devin Lloyd wears green dot as badge of honor for Panthers' defense,"The ability to speak efficiently in the huddle is vital, and the fifth-year linebacker has impressed so far.",2026-08-19T13:32:43Z,https://www.espn.com/nfl/story/_/id/49643331/devin-lloyd-carolina-panthers-defense-2026-wears-green-dot-helmet-badge-honor,Devin Lloyd
49594812,"Free agent TE Darren Waller, Panthers agree to 1-year deal",Former Pro Bowl tight end Darren Waller and the Panthers reached agreement Wednesday on a one-year deal.,2026-08-13T01:50:04Z,https://www.espn.com/nfl/story/_/id/49594812/source-panthers-add-te-room-darren-waller-deal,Darren Waller
49591520,"Panthers' Canales: RB Brooks 'ready to rock,' will play vs. Bills","Panthers coach Dave Canales says RB Jonathon Brooks is ""ready to rock"" and will play in Saturday's preseason road test against the Bills.",2026-08-12T23:58:47Z,https://www.espn.com/nfl/story/_/id/49591520/panthers-canales-rb-brooks-ready-rock-play-vs-bills,Jonathon Brooks|Damien Lewis
34060289,Lakers' $12.5 billion purchase tops record U.S. sports team sales,The Lakers have been sold for a staggering $12.5 billion. It's a North American sports franchise record. Here are others that sold for big money.,2026-08-18T20:25:56Z,https://www.espn.com/nfl/story/_/id/34060289/most-expensive-sports-franchise-sales,
49567742,Panthers sign Kyle Trask as QB3 after Haynes King injury,The Panthers signed Kyle Trask as a third quarterback on Sunday with Hall of Fame game hero Haynes King expected to miss time with a hamstring injury.,2026-08-09T19:11:18Z,https://www.espn.com/nfl/story/_/id/49567742/panthers-sign-kyle-trask-qb3-haynes-king-injury,Kyle Trask|Haynes King
49562007,Kuechly showered with 'Luuuke' chants by Panthers fans during HOF speech,Kuechly showered with 'Luuuke' chants by Panthers fans during HOF speech ,2026-08-08T18:13:19Z,https://www.espn.com/video/clip/_/id/49562007/kuechly-showered-luuuke-chants-panthers-fans-hof-speech,Luke Kuechly
49529127,"Panthers' Xavier Legette suffers apparent stinger, avoids concussion","Panthers wide receiver Xavier Legette suffered a ""stinger"" on a hard fall during Tuesday's practice but does not have a concussion.",2026-08-04T17:16:39Z,https://www.espn.com/nfl/story/_/id/49529127/panthers-xavier-legette-carted-upper-body-injury,Xavier Legette
49522616,Panthers VP says decision on Bryce Young deal 'collaborative',The Panthers remain tight-lipped about the long-term contractual future of quarterback Bryce Young as he prepares to enter his fourth NFL season.,2026-08-03T19:03:36Z,https://www.espn.com/nfl/story/_/id/49522616/panthers-vp-says-decision-bryce-young-deal-collaborative,Bryce Young
49507879,Injuries shadow Panthers' team scrimmage in front of fans,"The Panthers scrimmaged in front of approximately 40,000 fans in their first appearance on their home turf since losing in the opening round of the playoffs.",2026-08-01T22:12:39Z,https://www.espn.com/nfl/story/_/id/49507879/injuries-shadow-panthers-team-scrimmage-front-fans,
49489959,Panthers WR Chris Brazzell to have season-ending knee surgery,Panthers rookie wide receiver Chris Brazzell II will undergo season-ending surgery on his torn LCL in his left knee.,2026-07-30T19:12:36Z,https://www.espn.com/nfl/story/_/id/49489959/panthers-wr-brazzell-season-ending-surgery-source-says,Chris Brazzell II
49480858,Source: Panthers rookie WR Chris Brazzell suffers LCL tear,"Panthers rookie receiver Chris Brazzell II suffered a moderate lateral collateral ligament tear in practice Wednesday and he is expected to be sidelined for up to eight weeks, a league source told ESPN, confirming a report by The Athletic.",2026-07-29T19:05:50Z,https://www.espn.com/nfl/story/_/id/49480858/panthers-rookie-wr-chris-brazzell-injures-knee-having-tests,Chris Brazzell II
49355468,Betting on the Carolina Panthers in 2026: Defending NFC South champs underdogs to repeat,"Examining the Panthers' outlook for 2026, the ways to bet them and our best bet going into the NFL season.",2026-07-29T10:56:54Z,https://www.espn.com/espn/betting/story/_/id/49355468/carolina-panthers-betting-outlook-2026,
49471832,Vita Vea trade request: Five NFL team fits for the Bucs DT,"The 31-year-old Vea has been a cornerstone of Tampa Bay's defense, but he requested a trade on Monday. Here are five teams that could be landing spots in a potential deal.",2026-07-28T19:28:30Z,https://www.espn.com/nfl/story/_/id/49471832/vita-vea-trade-request-fits-buccaneers-defensive-tackle-five-teams-patriots-49ers,Vita Vea
49470418,Panthers TE Mitchell Evans carted off at training camp practice,Panthers second-year tight end Mitchell Evans was carted off the field on Tuesday with a lower-body injury.,2026-07-28T16:12:00Z,https://www.espn.com/nfl/story/_/id/49470418/panthers-te-mitchell-evans-carted-training-camp-practice,Mitchell Evans
49435017,Nic Scourton suffers torn ACL on the first day of Panthers practice,Nic Scourton suffers torn ACL on the first day of Panthers practice ,2026-07-23T20:41:33Z,https://www.espn.com/video/clip/_/id/49435017/nic-scourton-suffers-torn-acl-first-day-panthers-practice,Nic Scourton
49433276,Panthers LB Scourton placed on injured reserve after knee injury,Panthers second-year outside linebacker Nic Scourton has been placed on injured reserve after suffering a right knee injury on the first day of training camp Thursday.,2026-07-24T15:47:07Z,https://www.espn.com/nfl/story/_/id/49433276/panthers-scourton-carted-knee-injury-1st-day-camp,Nic Scourton
49432163,Panthers' Tepper invests another $500M into stadium renovation,Carolina Panthers owner David Tepper is investing an additional $500 million into ongoing stadium renovations as the team announced a naming rights extension with Bank of America.,2026-07-24T00:57:10Z,https://www.espn.com/nfl/story/_/id/49432163/panthers-tepper-invests-another-500m-stadium-renovation,
49767910,Tyson Bagent sparks the Bears with a 97-yard opening TD to wrap preseason with win over Titans,— Tyson Bagent gave the Chicago Bears just the offensive start to wrap up the preseason in winning style.,2026-08-30T02:39:32Z,http://www.espn.com/nfl/recap?gameId=401874394,
49767821,Chicago Bears vs. Tennessee Titans: Game Highlights,Chicago Bears vs. Tennessee Titans: Game Highlights,2026-08-30T01:09:40Z,https://www.espn.com/video/clip/_/id/49767821/game-highlights,Tyson Bagent|Roschon Johnson|D'Ernest Johnson
49725881,Why more NFL teams than ever are using GoPros on their QBs,"Six NFL teams are using GoPro cameras on their quarterbacks, but not always for the reasons you might think.",2026-08-29T10:00:04Z,https://www.espn.com/nfl/story/_/id/49725881/nfl-teams-using-gopro-cameras-quarterbacks,Jayden Daniels|Deshaun Watson|Shedeur Sanders|JJ McCarthy
49745927,Titans WR Robinson evaluated for concussion after 'cheap' hit,Titans wide receiver Wan'Dale Robinson is being evaluated for a concussion after taking a big hit from Bears safety Xavier Woods during joint practice Thursday.,2026-08-27T22:50:10Z,https://www.espn.com/nfl/story/_/id/49745927/titans-wr-robinson-evaluated-concussion-cheap-hit,Wan'Dale Robinson|Xavier Woods
49742042,Why Orlovsky is skeptical of Bears' chances to win NFC,Why Orlovsky is skeptical of Bears' chances to win NFC,2026-08-27T14:46:49Z,https://www.espn.com/video/clip/_/id/49742042/why-orlovsky-skeptical-bears-chances-win-nfc,Caleb Williams
49725718,"Bears LT competition still 'a hot spot,' Ben Johnson says",The Bears are still searching for their starting left tackle 19 days ahead of their season opener at the Panthers.,2026-08-25T22:42:02Z,https://www.espn.com/nfl/story/_/id/49725718/bears-lt-competition-hot-spot-ben-johnson-says,Braxton Jones|Theo Benedet|Kiran Amegadjie|Jedrick Wills Jr
49578264,"NFL Rivalries uniforms 2026: Designs, debuts and details",The second iteration of the NFL's Rivalries uniform series is unveiled with eight new teams from the AFC South and NFC North sharing their threads.,2026-08-28T00:46:26Z,https://www.espn.com/nfl/story/_/id/49578264/nfl-nike-2026-rivalries-uniform-gear-series-unveiling-nfc-north-afc-south,
49670838,2026 Chicago Bears: Projecting final 53-man roster,Will Kyler Gordon start Chicago's season on reserve/PUP and miss the first four games? What then?,2026-08-24T14:39:49Z,https://www.espn.com/nfl/story/_/id/49670838/2026-nfl-season-chicago-bears-final-roster-projection-depth-chart,
49697145,40-year-old journeyman QB Josh Johnson leads Bengals to 27-9 preseason victory over Bears,"— With Joe Burrow, Joe Flacco and the rest of Cincinnati's starters and key backups watching in street clothes, 40-year-old journeyman Josh Johnson led the Bengals to a 27-9 preseason victory over the Chicago Bears on Saturday night.",2026-08-23T03:31:29Z,http://www.espn.com/nfl/recap?gameId=401873289,
49680956,Why Caleb Williams has the potential to be an MVP candidate,Why Caleb Williams has the potential to be an MVP candidate,2026-08-21T13:44:24Z,https://www.espn.com/video/clip/_/id/49680956/why-caleb-williams-potential-mvp-candidate,Caleb Williams
49652191,Why Ben Johnson's Bears offense works and 2026 expectations,"While Chicago's success will always be tied to its quarterback, a deeper look unveils the beauty of Johnson's offensive system and what really makes it go.",2026-08-19T13:14:01Z,https://www.espn.com/nfl/story/_/id/49652191/chicago-bears-coach-ben-johnson-offense-caleb-williams,Caleb Williams|Cole Kmet
49651823,"Hallmark, hot dogs and touchdowns: The Colston Loveland story",The Bears' second-year tight end is making a name for himself on and off the field. Here's how.,2026-08-19T10:00:03Z,https://www.espn.com/nfl/story/_/id/49651823/hallmark-hot-dogs-chicago-bears-touchdowns-colston-loveland-story,Colston Loveland
49643703,Johnson: Bears RB Kyle Monangai week-to-week after knee injury,"Chicago Bears running back Kyle Monangai will be week-to-week after sustaining a knee injury during practice on Sunday, coach Ben Johnson confirmed on Tuesday.",2026-08-18T17:15:34Z,https://www.espn.com/nfl/story/_/id/49643703/bears-rb-kyle-monangai-knee-expected-miss-multiple-weeks-source-says,Kyle Monangai
49448378,"2026 Chicago Bears training camp: Latest intel, updates","Catch up on our daily updates from Bears training camp, including intel on QBs, position battles and potential breakouts.",2026-08-16T21:24:49Z,https://www.espn.com/nfl/story/_/id/49448378/chicago-bears-training-camp-2026-intel-updates,Caleb Williams|Darnell Wright|Braxton Jones|Jedrick Wills Jr|Kiran Amegadjie|Coby Bryant
49631637,LT Ozzy Trapilo (knee) now eligible to practice with Bears,"The Bears activated Ozzy Trapilo off the physically unable to perform list on Sunday, seven months after the left tackle ruptured his patellar tendon in the postseason.",2026-08-16T20:57:23Z,https://www.espn.com/nfl/story/_/id/49631637/lt-ozzy-trapilo-knee-now-eligible-practice-bears,Ozzy Trapilo
49624578,"Randle El takes over playcalling, sparking Bears' 24-0 run","Bears assistant head coach Antwaan Randle El took over playcalling duties for the second half of the preseason opener against the Browns, helping Chicago score 24 unanswered points in the 34-10 win.",2026-08-16T17:16:34Z,https://www.espn.com/nfl/story/_/id/49624578/randle-el-takes-play-calling-sparking-bears-24-0-run,
49622047,Deshaun Watson returns with 'awesome' first half for Browns,"Quarterback Deshaun Watson, in his first game since the 2024 season, completed 11 of 15 passes for 126 yards and led two scoring drives, the only points for the Cleveland Browns in a 34-10 preseason loss to the Chicago Bears on Saturday at Soldier Field.",2026-08-16T00:29:28Z,https://www.espn.com/nfl/story/_/id/49622047/deshaun-watson-returns-awesome-first-half-browns,Deshaun Watson
49621189,Deshaun Watson leads the Browns on 2 scoring drives in a 34-10 preseason loss to the Bears,— It was a mixed bag for Deshaun Watson. Same for Shedeur Sanders.,2026-08-15T22:13:29Z,http://www.espn.com/nfl/recap?gameId=401874393,
49602630,Confident Caleb Wlliams has Bears flying high,Williams is starting to show the grasp and confidence Johnson believes will help the Bears take the next step.,2026-08-16T17:16:18Z,https://www.espn.com/nfl/story/_/id/49602630/chicago-bears-caleb-williams-post-camp,Caleb Williams
49602517,"Bears won't change name if they move to Indiana, McCaskey says","The Chicago Bears will not be changing their name if they move across states lines to Indiana, chairman George H. McCaskey said Thursday.",2026-08-14T10:43:44Z,https://www.espn.com/nfl/story/_/id/49602517/bears-change-name-moved-indiana-mccaskey-says,
49599656,Why Damien Woody loves Ben Johnson's goal to have 'highest-scoring offense ever',Why Damien Woody loves Ben Johnson's goal to have 'highest-scoring offense ever',2026-08-13T13:18:30Z,https://www.espn.com/video/clip/_/id/49599656/why-damien-woody-loves-ben-johnson-goal-highest-scoring-offense-ever,
49591406,Ben Johnson wants Bears to have 'highest-scoring offense ever',"Ben Johnson has bigger goals than winning the Super Bowl this season, saying he wants the Bears to be ""the highest-scoring offense ever.""",2026-08-13T13:40:42Z,https://www.espn.com/nfl/story/_/id/49591406/ben-johnson-wants-bears-highest-scoring-offense-ever,
49584684,"Bears' Coby Bryant undergoes knee surgery, out 4-6 months","Bears safety Coby Bryant underwent knee surgery and is expected to miss four to six months, coach Ben Johnson announced Tuesday.",2026-08-11T21:10:00Z,https://www.espn.com/nfl/story/_/id/49584684/bears-coby-bryant-undergoes-knee-surgery-4-6-months,Coby Bryant
49574301,Sources: Bears' Luther Burden III expected to miss preseason,"Bears receiver Luther Burden III is expected to miss the preseason with a groin injury, but the team believes he'll be ready for Week 1 vs. Carolina, sources told ESPN.",2026-08-10T17:15:09Z,https://www.espn.com/nfl/story/_/id/49574301/sources-bears-luther-burden-iii-expected-miss-preseason,Luther Burden III
49569087,"Bears WR Luther Burden has groin injury, source says","Bears wide receiver Luther Burden III suffered a groin injury in Saturday's practice and should miss a little bit of time, a source told NFL Network's Ian Rapoport on Sunday.",2026-08-09T19:22:11Z,https://www.espn.com/nfl/story/_/id/49569087/bears-wr-luther-burden-groin-injury-source-says,Luther Burden III
49563403,"Bears add new pieces to secondary, adjust on fly","With injuries to Coby Bryant and Kyler Gordon, the Bears will try new faces and new wrinkles to hang tough.",2026-08-09T10:54:39Z,https://www.espn.com/nfl/story/_/id/49563403/chicago-bears-defensive-backs-2026-outlook,Kyler Gordon|Coby Bryant|Cam Lewis|Dillon Thieneman|Xavier Woods|Jaylon Jones|Josh Blackwell
49562628,Bears' Luther Burden III injured after tangle with Stevenson,Bears WR Luther Burden III left practice early Saturday with what appeared to be a lower-body injury after tangling with CB Tyrique Stevenson.,2026-08-08T19:59:57Z,https://www.espn.com/nfl/story/_/id/49562628/bears-luther-burden-iii-injured-tangle-stevenson,Luther Burden III
49531184,"Sources: Darnell Wright, Bears reach 4-year, $116M extension","The Bears and star right tackle Darnell Wright reached agreement Tuesday on a historic four-year, $116 million extension that includes $93M guaranteed, sources told ESPN's Jeremy Fowler and NFL Network's Ian Rapoport.",2026-08-05T13:11:49Z,https://www.espn.com/nfl/story/_/id/49531184/sources-darnell-wright-agrees-4-year-116m-deal-bears,Darnell Wright
49522578,New Bears safety Coby Bryant out 8-10 weeks with injury,Bears new safety Coby Bryant will miss eight to 10 weeks with a leg injury.,2026-08-03T19:48:21Z,https://www.espn.com/nfl/story/_/id/49522578/new-bears-safety-coby-bryant-8-10-weeks-injury,Coby Bryant
49505992,Bears CB Johnson views 2026 as 'definitely a contract year',Bears cornerback Jaylon Johnson is approaching the 2026 season with his sights set on another payday.,2026-08-01T21:00:04Z,https://www.espn.com/nfl/story/_/id/49505992/bears-cb-johnson-views-2026-definitely-contract-year,Jaylon Johnson
49497927,Ben Johnson: Bears motivated to spurn 'regression' label,"Ben Johnson said his team has been perceived as the ""No. 1 regression candidate"" next season, giving the Bears plenty of motivation heading into next season.",2026-07-31T18:19:12Z,https://www.espn.com/nfl/story/_/id/49497927/ben-johnson-bears-motivated-spurn-regression-label,Caleb Williams
49496397,Jason McCourty: Rome Odunze doesn't have to be WR1 for Bears,Jason McCourty: Rome Odunze doesn't have to be WR1 for Bears,2026-07-31T13:45:47Z,https://www.espn.com/video/clip/_/id/49496397/rome-odunze-wr1-bears,Rome Odunze
49472049,"Bears' Poles, Johnson frustrated by NB Gordon's latest injury","Bears GM Ryan Poles and coach Ben Johnson expressed their frustration with the latest injury to Kyler Gordon, saying the nickelback needs to get healthy and stay healthy.",2026-07-28T19:38:11Z,https://www.espn.com/nfl/story/_/id/49472049/bears-poles-johnson-frustrated-nb-gordon-latest-injury,Kyler Gordon|TJ Edwards
49469943,Why Caleb Williams needs to be more like Clark Kent than Superman,Why Caleb Williams needs to be more like Clark Kent than Superman,2026-07-28T14:44:55Z,https://www.espn.com/video/clip/_/id/49469943/why-caleb-williams-needs-more-clark-kent-superman,Caleb Williams
49355408,Betting on the Chicago Bears in 2026: NFC North repeat in play if Williams takes next step,"Examining the Bears' outlook for 2026, the ways to bet them and our best bet going into the NFL season.",2026-07-28T10:27:52Z,https://www.espn.com/espn/betting/story/_/id/49355408/chicago-bears-betting-outlook-2026,
49758493,Josh Johnson helps Bengals conclude perfect preseason with 30-13 win over Eagles,"— Veteran Josh Johnson threw for 156 yards in the first half, Evan McPherson kicked a 56-yarder for one of his three field goals and the Cincinnati Bengals capped a perfect preseason with a 30-13 victory over the Philadelphia Eagles on Friday night.",2026-08-29T04:19:35Z,http://www.espn.com/nfl/recap?gameId=401873301,
49758417,Cincinnati Bengals vs. Philadelphia Eagles: Game Highlights,Cincinnati Bengals vs. Philadelphia Eagles: Game Highlights,2026-08-29T03:07:40Z,https://www.espn.com/video/clip/_/id/49758417/game-highlights,Kentrel Bullock|Ke'Shawn Williams|Carson Steele|Jamal Haynes
49662164,Over or under? The teams we like to hit or miss on projected win totals,Which NFL teams will exceed projections and which ones will fall short? Our analysts offer their best bets on teams' win totals.,2026-08-27T13:08:44Z,https://www.espn.com/espn/betting/story/_/id/49662164/2026-nfl-betting-win-totals-odds-futures-picks-predictions,
49724848,Bengals' Ja'Marr Chase says he is 'fine' after injury scare,"Bengals star Ja'Marr Chase says he is ""fine"" after an injury scare at practice in which the WR appeared to injure his left knee.",2026-08-26T01:06:28Z,https://www.espn.com/nfl/story/_/id/49724848/bengals-jamarr-chase-says-fine-injury-scare,Ja'Marr Chase
49713714,Bengals release offensive lineman Cody Ford after three seasons,The Bengals released offensive lineman Cody Ford on Monday.,2026-08-24T18:24:03Z,https://www.espn.com/nfl/story/_/id/49713714/bengals-release-offensive-lineman-cody-ford-three-seasons,Cody Ford
49671557,2026 Cincinnati Bengals: Projecting final 53-man roster,There are some quality players who might end up getting squeezed on a strong Bengals roster.,2026-08-24T10:00:32Z,https://www.espn.com/nfl/story/_/id/49671557/2026-nfl-season-cincinnati-bengals-final-roster-projection-depth-chart,
49681388,Swagu has a message for Joe Burrow ahead of new season,Swagu has a message for Joe Burrow ahead of new season,2026-08-21T14:47:30Z,https://www.espn.com/video/clip/_/id/49681388/swagu-message-joe-burrow-ahead-new-season,Joe Burrow
49680496,Jordan Rodgers: Joe Burrow is not the problem at the Bengals,Jordan Rodgers: Joe Burrow is not the problem at the Bengals,2026-08-21T12:53:19Z,https://www.espn.com/video/clip/_/id/49680496/joe-burrow-not-problem-bengals,Joe Burrow
49673743,"'This is it': Bengals' Joe Burrow tired of waiting, targets Super Bowl",The Bengals improved their defense after missing the playoffs a third straight year. Will it be enough?,2026-08-20T21:52:32Z,https://www.espn.com/nfl/story/_/id/49673743/this-bengals-joe-burrow-tired-waiting-targets-super-bowl,Joe Burrow
49642143,DB Wright leaves Bengals preseason to pursue acting,Rookie Ceyair Wright -- who starred alongside LeBron James in 'Space Jam: A New Legacy' -- is giving new meaning to dual threat.,2026-08-17T22:59:13Z,https://www.espn.com/nfl/story/_/id/49642143/ceyair-wright-cincinnati-bengals-space-jam-2-actor-opportunity,
49639534,Orlovsky: 'Everything's on the line' for the Bengals this season,Orlovsky: 'Everything's on the line' for the Bengals this season,2026-08-17T16:29:03Z,https://www.espn.com/video/clip/_/id/49639534/everything-line-bengals-season,Joe Burrow
49635478,Colbie Young stepped up in absence of Higgins and Chase,Ben Baby explains that Bengals rookie Colbie Young stood out in practice on Sunday amidst the absences of Tee Higgins and Ja'Marr Chase.,2026-08-17T04:52:20Z,https://www.espn.com/video/clip/_/id/49635478/colbie-young-stepped-absence-higgins-chase,
49609343,Orlovsky: A healthy Joe Burrow is 'essential' for the Bengals,Orlovsky: A healthy Joe Burrow is 'essential' for the Bengals,2026-08-14T13:53:36Z,https://www.espn.com/video/clip/_/id/49609343/healthy-joe-burrow-essential-bengals,Joe Burrow
49605302,Joe Burrow starts and backup Joe Flacco throws a TD pass as Bengals beat Lions 16-14,"— Joe Flacco threw a touchdown pass in relief of Joe Burrow, Evan McPherson kicked three field goals and the Cincinnati Bengals beat the Detroit Lions 16-14 Thursday night in the preseason opener for both teams.",2026-08-14T03:43:29Z,http://www.espn.com/nfl/recap?gameId=401873272,
49448120,"2026 Cincinnati Bengals training camp: Latest intel, updates","Catch up on our daily updates from Bengals training camp, including intel on QBs, position battles and potential breakouts.",2026-08-13T19:53:20Z,https://www.espn.com/nfl/story/_/id/49448120/cincinnati-bengals-training-camp-2026-intel-updates,Joe Burrow|Dexter Lawrence II|Chase Brown|Boye Mafe|Cashius Howell
49512851,"Joe Burrow, Bengals find camaraderie on unusual battlefield","Center Ted Karras brought a chessboard into the locker room, and it has become a hit.",2026-08-04T13:37:18Z,https://www.espn.com/nfl/story/_/id/49512851/joe-burrow-cincinnati-bengals-find-camaraderie-unusual-battlefield,Joe Burrow|Ted Karras|Erick All Jr
49489169,Bengals DE Stewart out multiple weeks with hyperextended knee,"Bengals defensive end Shemar Stewart will be out for multiple weeks with a hyperextended left knee, coach Zac Taylor told reporters Thursday.",2026-07-30T17:49:08Z,https://www.espn.com/nfl/story/_/id/49489169/source-bengals-shemar-stewart-suffered-hyperextended-knee,Shemar Stewart
49488492,Why this could be Joe Burrow's last year in Cincinnati,Why this could be Joe Burrow's last year in Cincinnati,2026-07-30T14:42:12Z,https://www.espn.com/video/clip/_/id/49488492/why-joe-burrow-last-year-cincinnati,Joe Burrow
49481418,Bengals' Shemar Stewart carted off with left leg injury,Bengals defensive end Shemar Stewart was carted off the field Wednesday with a left leg injury suffered during the first day of training camp.,2026-07-29T18:29:06Z,https://www.espn.com/nfl/story/_/id/49481418/bengals-shemar-stewart-carted-left-leg-injury,Shemar Stewart
49470184,Is it 'put up or shut up' time for Joe Burrow?,Is it 'put up or shut up' time for Joe Burrow? ,2026-07-28T15:29:27Z,https://www.espn.com/video/clip/_/id/49470184/is-put-shut-joe-burrow,Joe Burrow
49097938,2026 Cincinnati Bengals training camp preview,The Bengals begin training camp July 26 in Cincinnati. Here's key players to watch and a 53-man roster projection.,2026-07-23T10:01:16Z,https://www.espn.com/nfl/story/_/id/49097938/2026-cincinnati-bengals-training-camp-preview,Joe Burrow|Barrett Carter|Erick All Jr|Boye Mafe|Ja'Marr Chase
49754810,Myles Garrett recounts 'shock and joy' of being traded to Rams,Myles Garrett recounts 'shock and joy' of being traded to Rams,2026-08-28T19:11:47Z,https://www.espn.com/video/clip/_/id/49754810/myles-garrett-recounts-shock-joy-being-traded-rams,Myles Garrett
49749533,Browns' Monken noncommittal on 4-QB room as Gabriel shines,Todd Monken sidestepped a question about keeping four quarterbacks on the 53-man roster after Dillon Gabriel impressed in the preseason finale against the Patriots on Thursday night.,2026-08-28T05:53:40Z,https://www.espn.com/nfl/story/_/id/49749533/browns-monken-noncommittal-4-qb-room-gabriel-shines,Dillon Gabriel|Taylen Green
49742460,Browns release veteran WR Cedric Tillman,The Browns released veteran wide receiver Cedric Tillman.,2026-08-27T20:59:33Z,https://www.espn.com/nfl/story/_/id/49742460/sources-browns-releasing-veteran-wr-cedric-tillman,Cedric Tillman
49737553,How is NFL dealing with players heading back to college? 'Cluster of all clusters',"NFL coaches, execs and agents tell ESPN they're sifting through questions and implications of a new reality, which seems to change by the hour.",2026-08-27T12:45:11Z,https://www.espn.com/nfl/story/_/id/49737553/nfl-dealing-players-returning-college-football-eligibility-ncaa-sec-big-ten-big-12-lsu-cluster,Dae'Quan Wright
49735271,Signs calling out Deshaun Watson's past taped to Jim Brown statue,Someone taped signs on Hall of Famer Jim Brown's statue outside the Cleveland Browns ' stadium criticizing the team for having quarterback Deshaun Watson on its roster because of his checkered past.,2026-08-26T22:40:47Z,https://www.espn.com/nfl/story/_/id/49735271/signs-taped-jim-brown-statue-browns-stadium-call-deshaun-watson-past,Deshaun Watson
49732656,Mad Dog fired up over discourse surrounding Deshaun Watson starting for Browns,Mad Dog fired up over discourse surrounding Deshaun Watson starting for Browns,2026-08-26T17:42:21Z,https://www.espn.com/video/clip/_/id/49732656/mad-dog-fired-discourse-surrounding-deshaun-watson-starting-browns,Deshaun Watson
49726430,"SEC draws rule to stop NFL, NBA, WNBA players from returning","After the Big Ten passed a rule stopping players returning from the NFL from playing at its schools, the SEC followed suit but took it further, adding basketball in announcing a policy forbidding members from rostering anyone from the NFL, NBA and WNBA.",2026-08-26T10:21:33Z,https://www.espn.com/college-football/story/_/id/49726430/sec-draws-rule-stop-nfl-nba-wnba-players-returning,Dae'Quan Wright
49722557,McCourty's message to Deshaun Watson on fan criticism: 'Deal with it',McCourty's message to Deshaun Watson on fan criticism: 'Deal with it'  ,2026-08-25T14:57:14Z,https://www.espn.com/video/clip/_/id/49722557/deal-it,Jason McCourty|Deshaun Watson
49716985,SEC: Pro athletes should not 'return to college competition',"As LSU hopes to sign NFL tight end Dae'Quan Wright, if he clears waivers, the SEC on Monday issued a statement emphasizing its belief that athletes who choose to leave to sign pro contracts ""should not then be permitted to return to college competition.""",2026-08-25T02:19:56Z,https://www.espn.com/college-football/story/_/id/49716985/pro-athletes-not-return-college-competition,
49715699,LSU's Lane Kiffin defends pursuit of NFL players returning to college,"LSU's Lane Kiffin defended his decision to pursue NFL rookies seeking a fifth year of playing college football, saying he's just one of many coaches trying to do so.",2026-08-25T04:41:37Z,https://www.espn.com/college-football/story/_/id/49715699/lsu-lane-kiffin-defends-pursuit-nfl-players-returning-college,Dae'Quan Wright|Zxavian Harris
49710491,Browns turn to QB Watson with Sanders (and 2027 draft class) lurking,The Browns' quest to answer the franchise's quarterback quandary brings them back to a 30-year-old who faces enormous pressure to succeed.,2026-08-24T18:31:56Z,https://www.espn.com/nfl/story/_/id/49710491/cleveland-browns-deshaun-watson-starting-quarterback-shedeur-sanders-2027-draft-class-lurking,Deshaun Watson|Shedeur Sanders
49711735,Kevin Clark: 'Pathetic' for Browns to start Watson,Kevin Clark: 'Pathetic' for Browns to start Watson,2026-08-24T14:20:53Z,https://www.espn.com/video/clip/_/id/49711735/pathetic-browns-start-watson,Deshaun Watson
49711613,"Deshaun Watson named Browns' QB1, says he regrets fan comments","Deshaun Watson will open the season as the Browns' starting quarterback, coach Todd Monken announced Monday.",2026-08-24T18:22:20Z,https://www.espn.com/nfl/story/_/id/49711613/sources-browns-tab-deshaun-watson-not-shedeur-sanders-qb1,Deshaun Watson|Shedeur Sanders
49669885,2026 Cleveland Browns: Projecting final 53-man roster,"Not only is there the question of who will be QB1 in Cleveland, but how many signal-callers will even be on the team roster?",2026-08-24T10:01:00Z,https://www.espn.com/nfl/story/_/id/49669885/2026-nfl-season-cleveland-browns-final-roster-projection-depth-chart,
49708064,Thamel: Dae'Quan Wright returning to college to play at LSU is 'mind-bending',Thamel: Dae'Quan Wright returning to college to play at LSU is 'mind-bending',2026-08-24T05:30:27Z,https://www.espn.com/video/clip/_/id/49708064/daequan-wright-returning-college-play-lsu-mind-bending,Dae'Quan Wright
49705433,"Agents: Dae'Quan Wright waived by Browns, set to join LSU","The Browns are waiving tight end Dae'Quan Wright, who has an agreement in place for the 2026 season to play for LSU if he clears waivers, agents Drew Rosenhaus and Kyle Lincoln told ESPN's Adam Schefter.",2026-08-24T14:58:08Z,https://www.espn.com/college-football/story/_/id/49705433/agents-daequan-wright-waived-browns-set-join-lsu,Dae'Quan Wright
49705127,Browns' Monken: Watson's comments not a factor in QB decision,Browns coach Todd Monken said that he anticipates naming a starting quarterback Monday and that Deshaun Watson's postgame comments Saturday won't factor into his decision.,2026-08-23T22:22:23Z,https://www.espn.com/nfl/story/_/id/49705127/browns-monken-watson-comments-not-factor-qb-decision,Deshaun Watson|Shedeur Sanders
49702666,"Browns lose DE Wright (Achilles) for season, add DE Barnett",The Browns placed starting defensive end Alex Wright on season-ending injured reserve with a ruptured Achilles and signed veteran defensive end Derek Barnett.,2026-08-23T21:57:07Z,https://www.espn.com/nfl/story/_/id/49702666/sources-browns-lose-de-wright-achilles-season-add-barnett,Alex Wright|Derek Barnett
49695585,"Browns' Watson calls fans' boos 'personal,' not based on play","Browns quarterback Deshaun Watson was booed in his first home game since suffering a right Achilles tendon injury in October 2024 and said he thought the reaction from the crowd was ""disrespectful"" and felt ""personal.""",2026-08-23T11:27:49Z,https://www.espn.com/nfl/story/_/id/49695585/browns-watson-calls-fans-boos-personal-not-based-play,Deshaun Watson
49686432,"Former Browns, Texans RB Nick Chubb announces retirement","Veteran running back Nick Chubb, a four-time Pro Bowl selection who most recently played for the Texans, announced his retirement.",2026-08-22T14:11:26Z,https://www.espn.com/nfl/story/_/id/49686432/running-back-nick-chubb-announces-retirement-nfl,Nick Chubb
49449000,"2026 Cleveland Browns training camp: Latest intel, updates","Follow our updates from Browns training camp, including intel on QBs, position battles and potential breakouts.",2026-08-20T22:25:06Z,https://www.espn.com/nfl/story/_/id/49449000/cleveland-browns-training-camp-2026-intel-updates,Deshaun Watson|Shedeur Sanders|Denzel Ward|Grant Delpit|Spencer Fano|Dillon Gabriel
49670914,Jordan Rodgers adamant Shedeur Sanders should be starting in preseason for Browns,Jordan Rodgers adamant Shedeur Sanders should be starting in preseason for Browns,2026-08-20T15:34:50Z,https://www.espn.com/video/clip/_/id/49670914/jordan-rodgers-adamant-shedeur-sanders-starting-preseason-browns,Shedeur Sanders|Deshaun Watson
49660991,Shedeur Sanders not feeling pressure about Browns' QB decision,"With a decision at starting quarterback looming, Browns quarterback Shedeur Sanders said Wednesday he's not feeling pressure ahead of joint practice with the Bills on Thursday and his start in the second preseason game at home Saturday.",2026-08-20T10:44:08Z,https://www.espn.com/nfl/story/_/id/49660991/shedeur-sanders-not-worried-browns-qb-decision,Shedeur Sanders
49648092,What is the state of the Browns' QB competition?,What is the state of the Browns' QB competition?,2026-08-18T13:58:09Z,https://www.espn.com/video/clip/_/id/49648092/what-state-browns-qb-competition,Deshaun Watson|Shedeur Sanders
49593705,Browns name Watson starting QB for preseason opener,"The Browns will start Deshaun Watson at quarterback in their preseason opener Saturday in Chicago, and Shedeur Sanders will start the second preseason game at home against the Bills.",2026-08-13T16:04:16Z,https://www.espn.com/nfl/story/_/id/49593705/browns-name-watson-starting-qb-preseason-opener,Deshaun Watson|Shedeur Sanders
49541388,What are the Browns looking for in their QB competition?,Deshaun Watson and Shedeur Sanders have spent seven camp practices focused on pre-snap and post-snap techniques.,2026-08-06T12:55:07Z,https://www.espn.com/nfl/story/_/id/49541388/cleveland-browns-training-camp-looking-shedeur-sanders-deshaun-watson-quarterback-competition,Deshaun Watson|Shedeur Sanders
49538752,"Jerry Jeudy clarifies viral video, says he talked to Browns QBs","Jerry Jeudy said the gesture he made in a viral video was in reference to his daughter, not the Browns' QB competition.",2026-08-05T18:06:40Z,https://www.espn.com/nfl/story/_/id/49538752/jerry-jeudy-clarifies-viral-video-says-talked-browns-qbs,Jerry Jeudy|Deshaun Watson|Shedeur Sanders
49531080,Epenesa grateful to be Eagle after 'weird' Browns situation,New Eagles DE AJ Epenesa is grateful to be in Philadelphia after a one-year deal with the Browns earlier in the offseason fell through.,2026-08-04T21:04:16Z,https://www.espn.com/nfl/story/_/id/49531080/epenesa-grateful-eagle-weird-browns-situation,AJ Epenesa
49769146,Why the Cowboys traded for Broderick Jones,Todd Archer explains the Cowboys' addition of Broderick Jones to the 53-man roster.,2026-08-30T04:04:45Z,https://www.espn.com/video/clip/_/id/49769146/why-cowboys-traded-broderick-jones,
49766398,Sources: Cowboys acquire OT Jones in exchange for draft picks,The Steelers are sending 2023 first-round pick Broderick Jones and a fourth-round pick in 2027 to the Cowboys in exchange for a 2027 third- and sixth-round pick.,2026-08-30T14:19:45Z,https://www.espn.com/nfl/story/_/id/49766398/sources-cowboys-acquire-ot-jones-exchange-two-draft-picks,Broderick Jones
49761017,Cowboys expected to be aggressive with roster additions,Todd Archer on the Cowboys upcoming roster moves and a player possibly going on the IR list.,2026-08-29T11:40:22Z,https://www.espn.com/video/clip/_/id/49761017/cowboys-expected-aggressive-roster-additions,
49759181,Cowboys' Marist Liufau to miss time after fracturing forearm,"Cowboys outside linebacker Marist Liufau is scheduled to have surgery as early as Monday on a fractured left forearm he suffered in Friday's preseason finale. Coach Brian Schottenheimer said Liufau would miss ""weeks,"" but Jerry Jones was more optimistic.",2026-08-29T14:30:49Z,https://www.espn.com/nfl/story/_/id/49759181/cowboys-marist-liufau-fractures-forearm-preseason-finale-set-surgery,Marist Liufau
49758526,New Orleans Saints vs. Dallas Cowboys: Game Highlights,New Orleans Saints vs. Dallas Cowboys: Game Highlights,2026-08-29T03:46:32Z,https://www.espn.com/video/clip/_/id/49758526/game-highlights,Mitch Van Vooren|Spencer Rattler|Zamir White|Barion Brown|Jordan Hudson
49758459,"Zach Wilson leads winning drive for Saints, who are unsettled at backup QB along with Cowboys",— The Dallas Cowboys and New Orleans Saints finished the preseason without about as much clarity with their backup quarterbacks as they had at the start of training camp.,2026-08-29T04:02:29Z,http://www.espn.com/nfl/recap?gameId=401874048,
49748391,"Tony Romo 'accepts full responsibility for actions,' camp says","Tony Romo on Thursday was issued three new citations stemming from his July arrest in Wisconsin, with a spokesperson for the former Dallas Cowboys quarterback telling multiple outlets that he takes ""full responsibility for his actions.""",2026-08-28T02:43:08Z,https://www.espn.com/mlb/story/_/id/49748391/tony-romo-accepts-full-responsibility-actions-camp-says,Tony Romo
49747330,Will Cowboys be forced to take 6 WRs?,Todd Archer breaks down the state of the Cowboys' roster before final cuts have to be made.,2026-08-27T23:29:47Z,https://www.espn.com/video/clip/_/id/49747330/will-cowboys-forced-take-6-wrs,
49731659,Cowboys' leadership council is taking pressure off Prescott,"While Prescott is the de facto leader, players such as Quinnen Williams and Javonte Williams are stepping up.",2026-08-27T13:21:17Z,https://www.espn.com/nfl/story/_/id/49731659/nfl-dallas-cowboys-dak-prescott-quinnen-williams-kennyu-clark-rashan-gary,Quinnen Williams|Rashan Gary|Javonte Williams|Kenny Clark
49660541,"Who's in, who's out? Best bets to make or miss the NFL playoffs",Our betting analysts break down the odds and offer their favorite bets for teams they like to make or miss the playoffs.,2026-08-26T11:12:00Z,https://www.espn.com/espn/betting/story/_/id/49660541/2026-nfl-betting-playoffs-odds-futures-picks-predictions,
49725155,"Tennessee, Peyton Manning, Dallas Cowboys lead tributes to Dolly Parton",The legendary singer-songwriter from the Volunteer State died Tuesday at the age of 80.,2026-08-25T22:50:38Z,https://www.espn.com/college-football/story/_/id/49725155/tennessee-volunteers-dallas-cowboys-dolly-parton-tributes-social-media,
49715273,"Cowboys OL Shiyazh Pete, Schottenheimer reflect on viral postgame speech","Shiyazh Pete, a member of the Navajo Nation, said the reaction from fans during the Cowboys game against the Cardinals was overwhelming to him.",2026-08-24T21:47:49Z,https://www.espn.com/nfl/story/_/id/49715273/dallas-cowboys-shiyazh-pete-brian-schottenheimer-postgame-speech,Shiyazh Pete
49638663,Dallas Cowboys: Projecting final 53-man roster,"Who will back up Dak Prescott, and how will the CB corps and RB room flesh out?",2026-08-25T18:42:38Z,https://www.espn.com/nfl/story/_/id/49638663/2026-nfl-season-dallas-cowboys-final-roster-projection-depth-chart,Joe Milton III|Sam Howell
49702044,"Cowboys camp wrap-up: Trackman Dak, GM Von and hot dogs","Takeaways from the Cowboys' month in California, including a good first impression from rookie Caleb Downs.",2026-08-24T10:01:15Z,https://www.espn.com/nfl/story/_/id/49702044/nfl-dallas-cowboys-oxnard-training-camp-dak-prescott-von-miller,Caleb Downs|Tyler Guyton|Dak Prescott|Von Miller
49704684,CeeDee Lamb's home burglarized while Cowboys WR was at camp,"CeeDee Lamb's home in Fairview, Texas, was burglarized while he was attending training camp with the Dallas Cowboys in Oxnard, California, according to police.",2026-08-24T01:15:33Z,https://www.espn.com/nfl/story/_/id/49704684/ceedee-lamb-home-burglarized-cowboys-wr-was-camp,CeeDee Lamb
49675309,Cowboys expecting a massive season from George Pickens,Todd Archer reports on the Cowboys' expectations for WR George Pickens.,2026-08-23T04:50:00Z,https://www.espn.com/video/clip/_/id/49675309/cowboys-expecting-massive-season-george-pickens,George Pickens
49376535,"2026 Dallas Cowboys training camp: Latest intel, updates","Catch up on our daily updates from Cowboys training camp, including intel on QBs, position battles and potential breakouts.",2026-08-20T23:13:28Z,https://www.espn.com/nfl/story/_/id/49376535/dallas-cowboys-training-camp-2026-intel-updates,Dak Prescott|CeeDee Lamb|George Pickens|Javonte Williams|Donovan Ezeiruaku
49673882,"Cowboys, Saints fined $500K each for brawls in joint practice","The NFL has fined the Cowboys and Saints $500,000 each after multiple fights broke out between the two teams during Tuesday's joint practice.",2026-08-20T22:02:07Z,https://www.espn.com/nfl/story/_/id/49673882/cowboys-saints-fined-500k-brawls-joint-practices,
49648012,Is Cowboys' DaRon Bland finally over his nagging foot issue?,"Bland set an NFL record in 2023 with five pick-sixes and hopes to get back to form in 2026, boosted by some new shoes.",2026-08-20T14:06:01Z,https://www.espn.com/nfl/story/_/id/49648012/nfl-dallas-cowboys-daron-bland-foot-surgery-christian-parker,DaRon Bland
49653675,Multiple brawls mar Saints-Cowboys joint practice session,The Cowboys and Saints had so many fights during their joint session Tuesday that the coaches of each team discussed whether they needed to cancel the practice.,2026-08-20T20:44:55Z,https://www.espn.com/nfl/story/_/id/49653675/multiple-brawls-mar-saints-cowboys-joint-practice-session,
49651426,Miller begins to work on 'dream' of being a Dallas Cowboy,"Thrilled to be with the Dallas Cowboys on a one-year contract, Von Miller, 37, spoke to reporters on Tuesday at training camp in Oxnard, California, and the club will work the veteran linebacker into practice slowly, giving him time to acclimate.",2026-08-19T01:33:24Z,https://www.espn.com/nfl/story/_/id/49651426/miller-begins-work-dream-being-dallas-cowboy,Von Miller
49643830,"Even with Miller in fold, Jones willing to add to Cowboys","Dallas owner and general manager Jerry Jones was thrilled to land veteran pass rusher Von Miller on his defense Sunday with a one-year deal, but he told reporters Monday that if another move were to surface, the Cowboys will be ready to add.",2026-08-18T02:29:17Z,https://www.espn.com/nfl/story/_/id/49643830/even-miller-fold-jones-willing-add-cowboys,
49640032,DeMarcus Ware on Von Miller to Cowboys: 'This is all he wanted',"Signing with the Cowboys, Miller is headed back home to Texas, where he grew up and played for Texas A&M.",2026-08-17T19:02:31Z,https://www.espn.com/nfl/story/_/id/49640032/nfl-dallas-cowboys-von-miller-demarcus-ware,DeMarcus Ware
49637754,Dan Graziano: Von Miller a good addition for Cowboys,Dan Graziano: Von Miller a good addition for Cowboys,2026-08-17T12:38:21Z,https://www.espn.com/video/clip/_/id/49637754/von-miller-good-addition-cowboys,Von Miller
49634196,Miller to play 15th season after getting 1-year deal from Cowboys,Veteran OLB Von Miller has agreed to terms with the Dallas Cowboys -- a source telling ESPN that it's a one-year deal.,2026-08-17T16:14:29Z,https://www.espn.com/nfl/story/_/id/49634196/von-miller-expected-sign-dallas-cowboys,Von Miller
49633424,"John Niland, who helped Cowboys win 1st Super Bowl, dies at 82","John Niland, a three-time All-Pro guard who helped the Cowboys win their first Super Bowl championship, died Saturday. He was 82.",2026-08-17T00:26:21Z,https://www.espn.com/nfl/story/_/id/49633424/john-niland-dies-82,
49624396,Brown stands out for Cowboys with 2 TD catches in 17-7 win over Seahawks,"— Rookie Camden Brown had two touchdown catches, including a diving, one-handed snag, to help lead the Dallas Cowboys past the Super Bowl champion Seattle Seahawks 17-7 on Saturday night in the preseason opener for both team.",2026-08-16T04:48:29Z,http://www.espn.com/nfl/recap?gameId=401873279,
49603843,"Could Ryan Flournoy give Cowboys a third 1,000-yard receiver?","Ryan Flournoy's ""confidence is up"" after securing the No. 3 role behind CeeDee Lamb and George Pickens.",2026-08-15T10:00:12Z,https://www.espn.com/nfl/story/_/id/49603843/nfl-dallas-cowboys-ryan-flournoy-ceedee-lamb-george-pickens,Ryan Flournoy|CeeDee Lamb|George Pickens
49603782,Jerry Jones: Very happy with Cowboys post-Micah Parsons trade,Jerry Jones likened the Micah Parsons deal to the 1989 trade of running back Herschel Walker to the Vikings that helped build the Cowboys' dynasty of the 1990s.,2026-08-13T23:00:04Z,https://www.espn.com/nfl/story/_/id/49603782/jerry-jones-very-happy-cowboys-post-micah-parsons-trade,Micah Parsons
49593749,DeMarvion Overshown stands out as a bounce-back candidate,DeMarvion Overshown stands out as a bounce-back candidate ,2026-08-13T17:55:27Z,https://www.espn.com/video/clip/_/id/49593749/demarvion-overshown-stands-bounce-back-candidate,DeMarvion Overshown
49591855,Rashan Gary: There's 'no ceiling' for Cowboys defense,Rashan Gary: There's 'no ceiling' for Cowboys defense,2026-08-12T18:50:29Z,https://www.espn.com/video/clip/_/id/49591855/there-no-ceiling-cowboys-defense,Rashan Gary
49590281,Schefter: Cowboys remain most valuable sports franchise at $15.5 billion,Schefter: Cowboys remain most valuable sports franchise at $15.5 billion,2026-08-12T20:49:56Z,https://www.espn.com/video/clip/_/id/49590281/cowboys-remain-most-valuable-sports-franchise-155-billion,
49585337,CBS Sports 'still assessing' Tony Romo status after arrest,"CBS Sports president David Berson said Tuesday that there is ""no timetable"" on the future of NFL analyst Tony Romo after Romo's arrest on suspicion of operating a vehicle while under the influence.",2026-08-11T22:27:37Z,https://www.espn.com/nfl/story/_/id/49585337/cbs-president-no-table-future-romo-arrest,
49758949,Minnesota Vikings vs. Denver Broncos: Game Highlights,Minnesota Vikings vs. Denver Broncos: Game Highlights,2026-08-29T04:21:14Z,https://www.espn.com/video/clip/_/id/49758949/game-highlights,Justin Joly|Adam Prentice|Sam Ehlinger
49758919,An 88-yard strike and 3 TDs: Sam Ehlinger’s big night for the Broncos in 34-6 rout of Vikings,— Sam Ehlinger capped a three-touchdown performance with an 88-yard strike to rookie tight end Justin Joly in the Denver...,2026-08-29T05:14:29Z,http://www.espn.com/nfl/recap?gameId=401873614,
49758060,Broncos' Marvin Mims Jr. avoids serious foot injury after exit,Broncos wide receiver Marvin Mims Jr. left Friday's preseason finale because of a right foot injury that coach Sean Payton later said is not considered serious.,2026-08-29T14:27:57Z,https://www.espn.com/nfl/story/_/id/49758060/broncos-marvin-mims-jr-exits-preseason-game-foot-injury,Marvin Mims Jr
49746587,Broncos roster close to set with many returnees from last season,Jeff Legwold breaks down the Broncos' roster being close to set heading into the final preseason game.,2026-08-27T21:39:42Z,https://www.espn.com/video/clip/_/id/49746587/broncos-roster-close-set-many-returnees-last-season,
49682968,Broncos QB Bo Nix hopes slowing down leads to improvement,"Nix's mobility and sack avoidance have led to success, but the Broncos think slowing him down and getting his footwork right could produce more big plays.",2026-08-25T10:00:07Z,https://www.espn.com/nfl/story/_/id/49682968/denver-broncos-quarterback-bo-nix-year-3-improvement-slow-dropbacks-progressions,Bo Nix
49662953,2026 Denver Broncos: Projecting final 53-man roster,"The Broncos have mostly run it back with last season's AFC Championship Game roster, but there are a couple positions worth watching.",2026-08-24T10:02:12Z,https://www.espn.com/nfl/story/_/id/49662953/2026-nfl-season-denver-broncos-final-roster-projection-depth-chart,
49687942,Broncos' Bo Nix throws for TD in return from ankle injury,"Broncos quarterback Bo Nix, who underwent two offseason surgeries to repair a fractured right ankle, made his first preseason appearance Friday night, playing 14 snaps and finishing 6-of-9 passing for 76 yards and a touchdown.",2026-08-22T12:23:11Z,https://www.espn.com/nfl/story/_/id/49687942/broncos-qb-bo-nix-throws-td-preseason-return-ankle-surgery,Bo Nix
49687350,"Bo Nix shines in return from broken ankle, but Broncos fall to Packers 33-13",— Bo Nix 's 21-yard touchdown toss to R.J. Harvey two plays after hooking up with new speedster ,2026-08-22T05:07:29Z,http://www.espn.com/nfl/recap?gameId=401873613,
49379469,"2026 Denver Broncos training camp: Latest intel, updates","Catch up on our daily updates from Broncos training camp, including intel on QBs, position battles and potential breakouts.",2026-08-19T20:54:43Z,https://www.espn.com/nfl/story/_/id/49379469/denver-broncos-training-camp-2026-intel-updates,Sam Ehlinger|Jarrett Stidham
49643341,Who will fill the Broncos' DT spot next to Zach Allen?,"Allen and John Franklin-Myers collapsed pockets up the middle last season, but Denver now has to replace JFM. Can Allen keep up his elite play without him?",2026-08-19T17:35:15Z,https://www.espn.com/nfl/story/_/id/49643341/broncos-need-defensive-tackle-start-next-all-pro-zach-allen-2026-season,Zach Allen|Eyioma Uwazurike|Sai'vion Jones|Tyler Onyedim
49593421,Bo Nix on track but will sit out Broncos' preseason opener,"Bo Nix's recovery from two surgeries on his right ankle continues to go well, but he won't play in Denver's preseason opener Friday, with the team instead expecting him to play in its final two warmup games.",2026-08-12T22:07:48Z,https://www.espn.com/nfl/story/_/id/49593421/bo-nix-track-sit-broncos-preseason-opener,Bo Nix
49576234,"Future of QB Bo Nix, Broncos will be defined by 2026 season","Nix has been a winner for the Broncos in his two NFL seasons, but is he truly their next alpha franchise QB? This season could give us the answer.",2026-08-12T10:41:04Z,https://www.espn.com/nfl/story/_/id/49576234/bo-nix-denver-broncos-2026-season-super-bowl-expectations-long-term-contract-extension,Bo Nix
49554506,Looking at Russell Wilson's complicated Hall of Fame case,"Wilson looked to be well on his way to the Hall after 10 seasons, but a rough end to his career has complicated his candidacy.",2026-08-08T10:00:02Z,https://www.espn.com/nfl/story/_/id/49554506/russell-wilson-case-pro-football-hall-fame-early-career-success-late-struggles,Russell Wilson
49546890,"Mrs. Met, Goldy headline inductions into the Mascot Hall of Fame","The announcement was made Friday morning on ""Good Morning America,"" with the five mascots on site to receive the news.",2026-08-07T15:52:10Z,https://www.espn.com/mlb/story/_/id/49546890/mascot-hall-fame-inductions-class-2026,
49523079,Sean Payton to talk to Taysom Hill about interest in Broncos,"Broncos coach Sean Payton told reporters Monday he will talk to free agent Taysom Hill, 35, to gauge the veteran's interest in continuing his career, potentially with Denver, after he built plays around the versatile running back for years in New Orleans.",2026-08-03T20:22:00Z,https://www.espn.com/nfl/story/_/id/49523079/sean-payton-talk-taysom-hill-interest-broncos,
49507138,Broncos QB Bo Nix not afraid to run on repaired ankle,"Broncos quarterback Bo Nix says he will not hesitate to scramble on his surgically repaired right ankle this season and that when he's on the move is ""when I feel at my best"" on the field.",2026-08-02T16:40:16Z,https://www.espn.com/nfl/story/_/id/49507138/broncos-qb-bo-nix-afraid-run-repaired-ankle,Bo Nix
49499783,How will Broncos' Sean Payton adjust to not calling plays?,Payton has doubled as head coach and playcaller for two decades. But now he enters relatively uncharted waters after turning over playcalling duties.,2026-08-01T10:00:11Z,https://www.espn.com/nfl/story/_/id/49499783/sean-payton-denver-broncos-head-coach-adjust-not-calling-plays-davis-webb,
49490175,Sean Payton tearfully accepts Drew Brees' invitation to introduce QB for HOF,Sean Payton will present Drew Brees into the Pro Football Hall of Fame.,2026-07-30T19:56:44Z,https://www.espn.com/nfl/story/_/id/49490175/sean-payton-tearfully-accepts-drew-brees-invitation-introduce-qb-hof,Drew Brees
49482054,Sean Payton: Broncos 'staying the course' with Jonathon Cooper,"Broncos coach Sean Payton said the team is ""staying the course'' as outside linebacker Jonathon Cooper participates in training camp.",2026-07-29T19:54:29Z,https://www.espn.com/nfl/story/_/id/49482054/sean-payton-broncos-staying-course-jonathon-cooper,Jonathon Cooper
49355139,Betting on the Denver Broncos: Regression coming to Mile High?,"Examining the Broncos' outlook for 2026, the ways to bet them and our best bet going into the NFL season.",2026-07-23T10:46:26Z,https://www.espn.com/espn/betting/story/_/id/49355139/denver-broncos-betting-outlook-2026,
49419279,Broncos All-Pro CB Pat Surtain II strives for more in 2026,"Surtain is already regarded as the top cornerback in the NFL, but he feels there's more for him to unlock this season.",2026-07-23T10:00:41Z,https://www.espn.com/nfl/story/_/id/49419279/pat-surtain-ii-broncos-all-pro-cornerback-better-more-interceptions-fewer-penalties,Pat Surtain II
49098539,2026 Denver Broncos training camp preview,"The Broncos begin training camp on July 28 in Englewood, Colorado. Here are key players to watch and a 53-man roster projection.",2026-07-23T10:01:12Z,https://www.espn.com/nfl/story/_/id/49098539/2026-denver-broncos-nfl-training-camp-preview,Jonathon Cooper|Jaylen Waddle|Nik Bonitto
49377860,Previewing the top storylines for 2026 NFL training camps,"Ben Solak sorts through the top NFL training camp storylines, including the new Eagles offense and key injury recoveries.",2026-07-21T16:07:47Z,https://www.espn.com/nfl/story/_/id/49377860/2026-nfl-season-training-camp-storylines-quarterbacks-rookies-injuries,
49391788,NFL All-Backup Team: Could a roster of bench players contend?,Nick Herbig rushing the passer while Martin Emerson Jr. plays in coverage? DeMario Douglas catching passes from Fernando Mendoza? Let's fill out a full roster of nonstarters.,2026-07-20T16:02:40Z,https://www.espn.com/nfl/story/_/id/49391788/2026-nfl-season-all-backup-team-rosters-bench-players-barnwell,
49344418,Who fell out of the NFL top-10 positional rankings in 2026?,"New players joined the top 10, which means others dropped out. Here's who's trying to get back.",2026-07-17T16:10:29Z,https://www.espn.com/nfl/story/_/id/49344418/top-10-nfl-players-dropped-2026,
49354774,2026 NFL trade tiers: Players worth Round 1 picks by team,"Which NFL players would be worth one first-rounder in a trade? Two? Seven?! Let's put each team's stars into value tiers, factoring in ability, positions, contracts and age.",2026-07-16T16:02:58Z,https://www.espn.com/nfl/story/_/id/49354774/2026-nfl-trade-tiers-players-worth-first-round-picks-all-32-teams-contract-value,
49765143,Dobbs makes his case to be Goff's backup by taking Lions on 3 TD drives in 25-16 win over Colts,— Josh Dobbs and Luke Altmyer went into the Detroit Lions' preseason finale on what appeared to be a level playing field in the battle to back up Jared Goff.,2026-08-29T21:08:29Z,http://www.espn.com/nfl/recap?gameId=401873308,
49765050,Lions down the Colts in final preseason game,Lions down the Colts in final preseason game,2026-08-29T20:04:57Z,https://www.espn.com/video/clip/_/id/49765050/lions-colts-final-preseason-game,DJ Giddens|Keenan Allen|Tay Martin|Jackson Meeks|Trayveon Williams
49663557,2026 Detroit Lions: Projecting final 53-man roster,Who will make the team? Which positions have tough decisions on deck? Lions reporter Eric Woodyard makes his predictions.,2026-08-24T14:12:59Z,https://www.espn.com/nfl/story/_/id/49663557/2026-nfl-season-detroit-lions-final-roster-projection-depth-chart,
49693662,"Dobbs overcomes two turnovers with long TD run as Lions beat Commanders, 17-13",— Joshua Dobbs ran for a 50-yard touchdown and the Detroit Lions held on for a 17-13 preseason win against the Washington Commanders on Saturday.,2026-08-22T20:16:29Z,http://www.espn.com/nfl/recap?gameId=401873601,
49673062,Rapoport tells McAfee about the 'renewed focus' he has noticed with the Lions,Rapoport tells McAfee about the 'renewed focus' he has noticed with the Lions,2026-08-20T19:44:13Z,https://www.espn.com/video/clip/_/id/49673062/rapoport-tells-mcafee-renewed-focus-noticed-lions,Pat McAfee|Dan Campbell
49672143,Sam LaPorta's status uncertain for Lions' season opener,Sam LaPorta's status for the Lions' regular-season opener is unclear after the star tight end suffered a hip injury.,2026-08-20T19:19:55Z,https://www.espn.com/nfl/story/_/id/49672143/sam-laporta-status-uncertain-lions-season-opener,Sam LaPorta
49651690,"Why Lions, NFL coaches believe Super Bowl chances are real","If you don't believe Campbell & Co. that the Lions will be contenders, ask Sean McVay, Matt LaFleur and others.",2026-08-21T15:51:53Z,https://www.espn.com/nfl/story/_/id/49651690/detroit-lions-super-bowl-window-opportunity-2026,Jared Goff|Amon-Ra St Brown|Jahmyr Gibbs|Jack Campbell
49604057,"Sources: Facing charges, Terrion Arnold set to join Seahawks","Terrion Arnold, who sources told NFL Network plans to sign a one-year deal with the Seahawks, also had visited the Texans, Saints and Giants before choosing the Seahawks.",2026-08-14T07:37:15Z,https://www.espn.com/nfl/story/_/id/49604057/sources-terrion-arnold-plans-sign-seahawks,Terrion Arnold
49419620,"2026 Detroit Lions training camp: Latest intel, updates","Catch up on our daily updates from Lions training camp, including intel on QBs, position battles and potential breakouts.",2026-08-13T20:28:09Z,https://www.espn.com/nfl/story/_/id/49419620/detroit-lions-training-camp-2026-intel-updates,Kerby Joseph|Jahmyr Gibbs|Devin White|Jimmy Rolder|Jack Campbell|Amon-Ra St Brown|Jared Goff|Seth McLaughlin|Jameson Williams
49584059,Campbell: Lions have more than enough talent,Jack Campbell details the Lion's confidence in their Super Bowl window still being open.,2026-08-20T13:14:17Z,https://www.espn.com/video/clip/_/id/49584059/lions-more-enough-talent,
49578327,"Jared Goff understands urgency, eager for Lions to return to form",Coach Dan Campbell is thrilled with the urgency and guidance Goff shows his Lions teammates.,2026-08-11T15:17:02Z,https://www.espn.com/nfl/story/_/id/49578327/detroit-lions-2026-outlook-jared-goff,Jared Goff
49578505,Seahawks' Mike Macdonald: Terrion Arnold had 'great tryout',Seahawks coach Mike Macdonald said Monday the team has interest in signing Terrion Arnold after meeting with the embattled free agent cornerback over the weekend.,2026-08-11T03:42:22Z,https://www.espn.com/nfl/story/_/id/49578505/mike-macdonald-confirms-seahawks-interest-terrion-arnold-tryout,Terrion Arnold
49577493,Teddy Bridgewater on retirement from NFL: 'This time it's official',"Teddy Bridgewater said in an Instagram post Monday that this time his retirement is ""official.""",2026-08-10T22:48:33Z,https://www.espn.com/nfl/story/_/id/49577493/teddy-bridgewater-retirement-nfl-official,Teddy Bridgewater
49574921,Source: Lions' Cade Mays (wrist) expected to miss 8-10 weeks,"Lions starting center Cade Mays has a wrist injury that will cause him to miss a significant amount of time, coach Dan Campbell said Monday.",2026-08-10T15:02:19Z,https://www.espn.com/nfl/story/_/id/49574921/lions-cade-mays-wrist-expected-miss-8-10-weeks,Cade Mays|Isiah Pacheco
49568593,"Teddy Bridgewater leaves Lions to retire again, coach says","Quarterback Teddy Bridgewater is stepping away from the Detroit Lions and is retiring from the NFL, coach Dan Campbell said Sunday.",2026-08-09T19:56:34Z,https://www.espn.com/nfl/story/_/id/49568593/teddy-bridgewater-leaves-lions-likely-retire-again-coach-says,Teddy Bridgewater|Joshua Dobbs
49554890,"Lions' Gibbs relieved with deal done, moves focus to field","Jahmyr Gibbs feels relieved after inking his new three-year, $67.5 million contract and is ready to put it behind him and focus on football, the Detroit Lions Pro Bowl running back said on Friday.",2026-08-07T19:21:44Z,https://www.espn.com/nfl/story/_/id/49554890/lions-gibbs-relieved-deal-done-moves-focus-field,Jahmyr Gibbs
49528789,Jahmyr Gibbs' Lions extension: Answering all the key questions,"Answering all the key questions about Gibbs' record contract extension, who's next for the Lions, fantasy impact and more.",2026-08-07T01:32:28Z,https://www.espn.com/nfl/story/_/id/49528789/jahmyr-gibbs-lions-extension-answering-all-key-questions,Jahmyr Gibbs|Bijan Robinson|Sam LaPorta|Brian Branch
49548184,Adam Schefter: Jahmyr Gibbs' extension was only a matter of time,Adam Schefter: Jahmyr Gibbs' extension was only a matter of time,2026-08-07T03:09:10Z,https://www.espn.com/video/clip/_/id/49548184/jahmyr-gibbs-extension-was-only-matter,Jahmyr Gibbs
49547879,"Lions, RB Jahmyr Gibbs reach 3-year, $67.5M extension","Jahmyr Gibbs and the Lions reached agreement on a three-year, $67.5 million deal that could be worth up to $75.75 million and includes $51.5 million guaranteed, his agent Todd France announced on social media.",2026-08-07T14:31:36Z,https://www.espn.com/nfl/story/_/id/49547879/lions-rb-jahmyr-gibbs-agree-3-year-675m-extension,Jahmyr Gibbs
49539535,"Lions name Richard Haddad to replace Wood as president, CEO","Richard Haddad, who spent the past 14 years with the NBA's Pistons, has been named the president and CEO of the Lions, the team announced Wednesday.",2026-08-05T21:49:10Z,https://www.espn.com/nfl/story/_/id/49539535/lions-name-richard-haddad-replace-wood-president-ceo,
49528121,Dan Campbell: Bijan Robinson deal won't 'hurt' Jahmyr Gibbs negotiations,"Dan Campbell says Bijan Robinson's record-setting deal with the Falcons is ""not gonna hurt"" the Lions' negotiations with Jahmyr Gibbs.",2026-08-04T14:43:00Z,https://www.espn.com/nfl/story/_/id/49528121/bijan-robinson-deal-not-gonna-hurt-jahmyr-gibbs-negotiations-dan-campbell-says,Jahmyr Gibbs
49520984,Lions' Gibbs on hold-in: 'Time will tell' when I return to field,"Lions running back Jahmyr Gibbs said Monday that ""only time will tell"" when he will return to practice as he seeks a contract extension.",2026-08-03T17:11:32Z,https://www.espn.com/nfl/story/_/id/49520984/lions-gibbs-hold-tell-return-field,Jahmyr Gibbs
49507201,Ex-All Pro LB Devin White joins Lions on 1-year deal,"The Detroit Lions are signing former All-Pro linebacker Devin White to a one-year deal, the team announced Saturday.",2026-08-01T22:32:08Z,https://www.espn.com/nfl/story/_/id/49507201/ex-all-pro-lb-devin-white-joins-lions-1-year-deal,Devin White
49498286,'Excited' Lions welcome LaPorta back after long road from surgery,LaPorta is expected to be a big part of the offense under new offensive coordinator Drew Petzing.,2026-08-01T10:00:03Z,https://www.espn.com/nfl/story/_/id/49498286/2026-nfl-training-camp-detroit-lions-sam-laporta-return-back-surgery-injury,Sam LaPorta
49761828,Injuries could shape 53-man roster,Rob Demovsky on how injuries can impact the Packers' 53-man roster.,2026-08-29T13:14:06Z,https://www.espn.com/video/clip/_/id/49761828/injuries-shape-53-man-roster,
49759295,Matt LaFleur: 'Fully anticipate' Josh Jacobs being on team amid charges,"Packers coach Matt LaFleur addressed Josh Jacobs' future with the team Friday, one day after the running back was charged with two misdemeanors related to an alleged incident earlier this year with a woman at his home.",2026-08-29T13:57:09Z,https://www.espn.com/nfl/story/_/id/49759295/matt-lafleur-fully-anticipate-josh-jacobs-packers,Josh Jacobs
49745245,Packers star RB Josh Jacobs charged with two misdemeanors,"Packers running back Josh Jacobs was charged with misdemeanor battery and misdemeanor criminal damage to property, according to Wisconsin court records.",2026-08-27T22:45:52Z,https://www.espn.com/nfl/story/_/id/49745245/packers-star-rb-josh-jacobs-charged-two-misdemeanors,Josh Jacobs
49743030,Packers sign veteran TE Jonnu Smith to one-year deal,The Packers signed tight end Jonnu Smith to a one-year contract.,2026-08-27T19:21:50Z,https://www.espn.com/nfl/story/_/id/49743030/sources-packers-adding-te-jonnu-smith-one-year-deal,Jonnu Smith
49376941,"2026 Green Bay Packers training camp: Latest intel, updates","Catch up on our updates from Packers training camp, including intel on QBs, position battles and potential breakouts.",2026-08-27T03:23:53Z,https://www.espn.com/nfl/story/_/id/49376941/green-bay-packers-training-camp-2026-intel-updates,Jordan Love|Micah Parsons|Trey Smack|Lenny Krieg|Kamal Hadden|Tucker Kraft|Zaire Franklin
49638752,Green Bay Packers: Projecting final 53-man roster,Will the Packers trade or release CB Keisean Nixon? Will rookie kicker Trey Smack make the cut?,2026-08-24T10:02:14Z,https://www.espn.com/nfl/story/_/id/49638752/2026-nfl-season-green-bay-packers-final-roster-projection-depth-chart,Keisean Nixon|Trey Smack|Jonathan Ford|Kyle McCord
49681049,Jordan Morgan gets his shot at the Packers' left tackle job -- finally,The 2024 first-round pick is ready to step in to protect quarterback Jordan Love for Green Bay.,2026-08-21T15:30:12Z,https://www.espn.com/nfl/story/_/id/49681049/jordan-morgan-gets-shot-packers-left-tackle-job-finally,Jordan Morgan
49659866,Mad Dog not having Tannenbaum calling Jordan Love a 'great QB',Mad Dog not having Tannenbaum calling Jordan Love a 'great QB',2026-08-19T15:46:38Z,https://www.espn.com/video/clip/_/id/49659866/mad-dog-not-having-tannenbaum-calling-jordan-love-great-qb,Jordan Love
49631890,CB Keisean Nixon not guaranteed starting role with Packers,"The deeper the Packers get into training camp, the more uncertain it is that Keisean Nixon will be one of their opening-day starting cornerbacks.",2026-08-16T21:37:36Z,https://www.espn.com/nfl/story/_/id/49631890/cb-keisean-nixon-not-guaranteed-starting-role-packers,Keisean Nixon
49605255,"Rookie Drew Allar has 2 TD passes, 1 TD run as Steelers beat Packers 28-9 in preseason opener","— Mike McCarthy loves playing the role of teacher during what he calls “Quarterback School,” shorthand for his highly detailed process of teaching young signal callers the finer points of their position.",2026-08-14T03:31:29Z,http://www.espn.com/nfl/recap?gameId=401873275,
49591540,Is rookie Brandon Cisse a lock to start at CB for Packers?,"Keisean Nixon entered camp as the presumptive starter on the left side, but second-rounder Brandon Cisse has shined.",2026-08-13T13:13:36Z,https://www.espn.com/nfl/story/_/id/49591540/nfl-green-bay-packers-keisean-nixon-brandon-cisse-cornerback,Jaden Nixon|Brandon Cisse|Benjamin St-Juste
49591926,"Aaron Rodgers wishes game at Lambeau, discusses retirement return",Aaron Rodgers says he had hoped the Steelers' preseason opener against the Packers would be played in Green Bay and discussed the possibility of a post-retirement return to be honored at Lambeau Field.,2026-08-13T10:36:55Z,https://www.espn.com/nfl/story/_/id/49591926/aaron-rodgers-wishes-game-lambeau-vague-retirement-return,Aaron Rodgers
49584388,Packers QB Love expected to play in first preseason game,Jordan Love is expected to play in the Packers' first preseason game Thursday but said he will still be playing it safe after the thumb injury he sustained before last season.,2026-08-11T19:43:32Z,https://www.espn.com/nfl/story/_/id/49584388/packers-qb-love-expected-play-first-preseason-game,Jordan Love
49582996,Schrager: 'There's no excuse for Jordan Love' this season,Schrager: 'There's no excuse for Jordan Love' this season,2026-08-11T15:55:54Z,https://www.espn.com/video/clip/_/id/49582996/there-no-excuse-jordan-love-season,Jordan Love
49537787,Do NFL superteams usually win the Super Bowl? Will the Rams?,"The Rams are loaded this season, and basically everyone is picking them to win the Super Bowl. But preseason darlings of the past 35 years haven't always met expectations.",2026-08-10T10:34:20Z,https://www.espn.com/nfl/story/_/id/49537787/2026-nfl-season-rams-superteams-preseason-favorites-win-super-bowl-barnwell,
49544721,Why Packers are connecting with DC Gannon's 'turnt up' vibe,"The former Cardinals head coach is bringing a different approach to the defense, and players are buying in.",2026-08-07T10:00:05Z,https://www.espn.com/nfl/story/_/id/49544721/nfl-green-bay-packers-defensive-coordinator-jonathan-gannon-hafley,Brandon Cisse|Micah Parsons|Zaire Franklin
49533091,Micah Parsons' recovery on track,Rob Demovsky breaks down Micah Parsons' timeline to return to action.,2026-08-05T02:43:56Z,https://www.espn.com/video/clip/_/id/49533091/micah-parsons-recovery-track,
49531325,Packers' Micah Parsons: Playing vs. Cowboys in Week 6 'realistic',Micah Parsons likes his chances of playing in the Packers' Week 6 game against the Cowboys at Lambeau Field.,2026-08-05T10:47:50Z,https://www.espn.com/nfl/story/_/id/49531325/packers-micah-parsons-playing-vs-cowboys-week-6-realistic,Micah Parsons
49514420,Packers RT changes last name to Bako-Bewele to honor heritage,Packers right tackle Zach Tom revealed Sunday he has changed his name to Zach Bako-Bewele.,2026-08-02T22:32:31Z,https://www.espn.com/nfl/story/_/id/49514420/packers-rt-changes-last-name-bako-bewele-honor-heritage,Zach Bako-Bewele
49500145,Why Tucker Kraft could be key player to Packers' Super Bowl window,"Before his season-ending injury in 2025, Kraft was on his way to securing a spot among the NFL's elite tight ends.",2026-08-01T10:47:19Z,https://www.espn.com/nfl/story/_/id/49500145/green-bay-packers-tucker-kraft-returns,Tucker Kraft
49497140,Packers star TE Tucker Kraft activated off PUP after ACL recovery,"Packers star tight end Tucker Kraft was activated off the physically unable to perform list Friday, less than nine months after surgery to repair the torn ACL in his right knee.",2026-07-31T20:38:22Z,https://www.espn.com/nfl/story/_/id/49497140/packers-star-te-tucker-kraft-activated-pup-acl-recovery,Tucker Kraft
49751940,Will the Texans' starters play in Week 3?,DJ BienAime details who will take the field in the final Texans' preseason game.,2026-08-28T12:08:17Z,https://www.espn.com/video/clip/_/id/49751940/will-texans-starters-play-week-3,
49741167,Sources: Texans' Braden Smith avoids long-term injury,"Texans right tackle Braden Smith avoided a long-term injury to his foot, sources told ESPN.",2026-08-27T12:22:23Z,https://www.espn.com/nfl/story/_/id/49741167/sources-texans-braden-smith-avoids-long-term-injury,Braden Smith
49712506,"Texans' C.J. Stroud talks new look, improved scrambling ability",Houston's quarterback showed up with a new haircut and leaner appearance to help him be more of a dual threat.,2026-08-26T10:00:02Z,https://www.espn.com/nfl/story/_/id/49712506/houston-texans-cj-stroud-new-look-cut-hair-leaner,CJ Stroud
49721579,McCourty: Kayshon Boutte a 'huge pickup' for the Texans,McCourty: Kayshon Boutte a 'huge pickup' for the Texans,2026-08-25T12:53:32Z,https://www.espn.com/video/clip/_/id/49721579/kayshon-boutte-huge-pickup-texans,Jason McCourty|Kayshon Boutte
49715232,Why Dan Orlovsky loves Kayshon Boutte's trade to Texans,Why Dan Orlovsky loves Kayshon Boutte's trade to Texans,2026-08-24T20:36:55Z,https://www.espn.com/video/clip/_/id/49715232/why-dan-orlovsky-loves-kayshon-boutte-trade-texans,Kayshon Boutte
49714288,"Patriots trade Kayshon Boutte to Texans for Jaylen Reed, pick",The Texans acquired wide receiver Kayshon Boutte in a trade with the Patriots on Monday.,2026-08-24T21:53:44Z,https://www.espn.com/nfl/story/_/id/49714288/patriots-trading-boutte-texans-reed-draft-pick,Kayshon Boutte|Jaylen Reed
49672006,2026 Houston Texans: Projecting final 53-man roster,"As the cut-down deadline approaches, Houston hones in on depth with most spots already locked up. Who will make the Texans' roster?",2026-08-24T10:01:56Z,https://www.espn.com/nfl/story/_/id/49672006/2026-nfl-season-houston-texans-final-roster-projection-depth-chart,
49680497,Why C.J. Stroud needs to 'bet on himself' this season,Why C.J. Stroud needs to 'bet on himself' this season,2026-08-21T12:51:32Z,https://www.espn.com/video/clip/_/id/49680497/why-cj-stroud-needs-bet-season,CJ Stroud
49676628,"Fernando Mendoza throws a pick-6, struggles in 1st half of Raiders' 22-20 preseason win over Texans",— Top pick Fernando Mendoza is finding out quickly that he has a lot of work to do as he begins his NFL career.,2026-08-21T04:37:28Z,http://www.espn.com/nfl/recap?gameId=401873286,
49660770,"Sources: Texans' Jayden Higgins has torn ACL, out for season","Texans second-year wideout Jayden Higgins will miss the season after suffering a torn ACL during a joint practice with the Raiders, sources told NFL Network.",2026-08-19T17:46:28Z,https://www.espn.com/nfl/story/_/id/49660770/sources-texans-jayden-higgins-torn-acl-season,Jayden Higgins
49640061,Texans ready to feature David Montgomery's dual-threat ability,Houston traded for the running back and hopes he will complement quarterback C.J. Stroud.,2026-08-18T10:00:11Z,https://www.espn.com/nfl/story/_/id/49640061/houston-texans-rb-david-montgomery-spark-offense-cj-stroud,David Montgomery
49605693,Texans' DeMeco Ryans praises rookie Marlin Klein after catch vs Chargers in his NFL debut,— Houston Texans rookie Marlin Klein played just 11 snaps in his NFL debut Thursday night against the Los Angeles Chargers.,2026-08-14T04:15:44Z,http://www.espn.com/nfl/recap?gameId=401873274,
49419567,"2026 Houston Texans training camp: Latest intel, updates","Catch up on our daily updates from Texans training camp, including intel on QBs, position battles and potential breakouts.",2026-08-13T19:47:35Z,https://www.espn.com/nfl/story/_/id/49419567/houston-texans-training-camp-2026-intel-updates,CJ Stroud
49554496,Texans' Tank Dell going for it after injury absence,Texans receiver Tank Dell is going for it in his return from almost two years away from the game due to injury.,2026-08-07T18:12:00Z,https://www.espn.com/nfl/story/_/id/49554496/texans-tank-dell-going-injury-absence,Tank Dell
49545640,"Sources: Texans, LB Henry To'oTo'o agree to two-year extension","The Texans and linebacker Henry To'oTo'o agreed Thursday to a two-year $16 million extension, sources told NFL Network's Mike Garafolo and Ian Rapoport.",2026-08-06T16:36:46Z,https://www.espn.com/nfl/story/_/id/49545640/sources-texans-lb-henry-tootoo-agree-two-year-extension,Henry To'oTo'o
49529325,Texans' Ryans uses Artemis II space launch to set expectations,Houston's coach used NASA's trip around the moon as inspiration to rally his team.,2026-08-06T13:27:10Z,https://www.espn.com/nfl/story/_/id/49529325/houston-texans-coach-demeco-ryans-expectations-artemis-ii,CJ Stroud
49538533,Texans WR Tank Dell returns to practice after missing season,"Texans WR Tank Dell, who missed last season after a knee injury in Week 16 of 2024, returned to practice Wednesday in a limited capacity.",2026-08-05T18:48:25Z,https://www.espn.com/nfl/story/_/id/49538533/texans-wr-tank-dell-returns-practice-missing-season,Tank Dell
49523317,Houston Texans' Jalen Pitre becomes first Guardian Caps signature athlete,The Houston Texans safety is the first Guardian Caps signature athlete and wore the helmet in eight games last season.,2026-08-03T21:15:26Z,https://www.espn.com/nfl/story/_/id/49523317/houston-texans-jalen-pitre-nfl-guardians-cap-signature-athlete,Jalen Pitre
49514656,Pass rusher Jadeveon Clowney reaches deal to reunite with Texans,"Jadeveon Clowney is returning to the Texans, the team that selected him No. 1 in the 2014 NFL draft.",2026-08-03T02:09:33Z,https://www.espn.com/nfl/story/_/id/49514656/sources-jadeveon-clowney-reaches-deal-reunite-texans,Jadeveon Clowney
49771289,Colts WR Keenan Allen arrested on drunken driving charges,Colts wide receiver Keenan Allen was arrested early Sunday morning on drunken driving charges.,2026-08-30T13:49:04Z,https://www.espn.com/nfl/story/_/id/49771289/colts-wr-keenan-allen-arrested-drunk-driving-charges,Keenan Allen
49768710,Colts' final roster taking shape,Stephen Holder breaks down positional battles on the Colts' roster.,2026-08-30T02:57:19Z,https://www.espn.com/video/clip/_/id/49768710/colts-final-roster-taking-shape,
49743912,Can Alec Pierce be ready for Colts' opener? Adam Schefter weighs in,Can Alec Pierce be ready for Colts' opener? Adam Schefter weighs in,2026-08-27T18:16:36Z,https://www.espn.com/video/clip/_/id/49743912/can-alec-pierce-ready-colts-opener-adam-schefter-weighs-in,Alec Pierce|Pat McAfee
49742187,"Colts No. 1 WR Pierce off PUP list, knocks 'rust off' in practice",The Colts activated wide receiver Alec Pierce off the physically unable to perform list Thursday.,2026-08-27T19:56:23Z,https://www.espn.com/nfl/story/_/id/49742187/source-colts-activating-no-1-wr-alex-pierce-pup-list,Alec Pierce
49714729,How Colts' Anthony Richardson is fighting back from adversity,"He was benched, injured and asked to be traded, but Richardson remains in Indy, and he's persevering.",2026-08-25T10:00:01Z,https://www.espn.com/nfl/story/_/id/49714729/colts-quarterback-anthony-richardson-reflects-adversity-optimism,Anthony Richardson Sr
49662783,2026 Indianapolis Colts: Projecting final 53-man roster,"Look for plenty of rookies to fill out the Colts' roster, including as starters, but what will the team do about all the defensive linemen?",2026-08-24T10:00:04Z,https://www.espn.com/nfl/story/_/id/49662783/2026-nfl-season-indianapolis-colts-final-roster-projection-depth-chart,
49671931,Keenan Allen to McAfee: Signing with Colts an 'easy decision',Keenan Allen to McAfee: Signing with Colts an 'easy decision'   ,2026-08-20T17:06:01Z,https://www.espn.com/video/clip/_/id/49671931/signing-colts-easy-decision,Keenan Allen
49664278,Colts TE Tyler Warren injures groin in practice,Colts star tight end Tyler Warren sustained a groin injury in Wednesday's joint practice and did not return.,2026-08-20T02:45:00Z,https://www.espn.com/nfl/story/_/id/49664278/colts-tight-end-tyler-warren-injures-groin-practice,
49649691,Why Darius Butler is excited about Keenan Allen joining the Colts,Why Darius Butler is excited about Keenan Allen joining the Colts,2026-08-18T18:06:01Z,https://www.espn.com/video/clip/_/id/49649691/why-darius-butler-excited-keenan-allen-joining-colts,Keenan Allen|Pat McAfee|Darius Butler
49644692,Source: WR Keenan Allen agrees to one-year deal with Colts,"The Colts secured a one-year deal with Keenan Allen, 34, a team source told ESPN, confirming multiple reports on Monday, reuniting the veteran with Indianapolis coach Shane Steichen, who spent several seasons with the wideout while on the Chargers' staff.",2026-08-18T14:17:44Z,https://www.espn.com/nfl/story/_/id/49644692/reports-wr-keenan-allen-agrees-one-year-deal-colts,Keenan Allen
49633610,Ed Dodds suggests Colts will keep Anthony Richardson for depth,Colts assistant general manager Ed Dodds suggested Sunday that Anthony Richardson Sr. will remain in Indianapolis because the Colts intend to prioritize quarterback depth.,2026-08-17T00:27:55Z,https://www.espn.com/nfl/story/_/id/49633610/ed-dodds-suggests-colts-keep-anthony-richardson-depth,Anthony Richardson Sr
49632088,"Colts, Pacers donate $125,000 each to Indiana flood relief","The NFL's Indianapolis Colts and NBA's Indiana Pacers are donating $125,000 each to flood relief efforts throughout the state. The WNBA's Indiana Fever and the G League basketball team Noblesville Boom also joined the effort.",2026-08-16T22:09:42Z,https://www.espn.com/nfl/story/_/id/49632088/colts-pacers-donate-125000-indiana-flood-relief,
49612373,Source: Colts' special teams coordinator has torn knee ligaments,"Colts special teams coordinator Brian Mason tore multiple ligaments in his knee after a sideline collision on the final play of Thursday night's preseason game against the Patriots, a source confirmed to ESPN",2026-08-14T21:33:51Z,https://www.espn.com/nfl/story/_/id/49612373/colts-special-teams-coordinator-torn-knee-ligaments,
49605614,Colts backup QB Anthony Richardson runs for a TD in 13-13 preseason tie with Patriots,— Anthony Richardson believes he's done a good job turning the page during his NFL career.,2026-08-14T04:04:29Z,http://www.espn.com/nfl/recap?gameId=401873273,
49448214,"2026 Indianapolis Colts training camp: Latest intel, updates","Catch up on our daily updates from Colts training camp, including intel on QBs, position battles and potential breakouts.",2026-08-13T19:49:39Z,https://www.espn.com/nfl/story/_/id/49448214/indianapolis-colts-training-camp-2026-intel-updates,Daniel Jones|Jonathan Taylor|Charvarius Ward
49596839,Who's impressing at Colts camp?,Stephen Holder shares three players with the potential to break into the Colts' lineup.,2026-08-13T22:22:18Z,https://www.espn.com/video/clip/_/id/49596839/impressing-colts-camp,
49582824,"Alec Pierce 'making great progress' in recovery, Colts GM says","Alec Pierce remains sidelined after offseason surgery on his left ankle, and the Colts still are not placing a firm timeline on the WR's return.",2026-08-11T16:11:42Z,https://www.espn.com/nfl/story/_/id/49582824/alec-pierce-making-great-progress-recovery-colts-gm-says,Alec Pierce
49562810,"Vinatieri pokes fun at Manning, Belichick in Hall of Fame speech","Adam Vinatieri drew plenty of laughs and cheers with jokes about Bill Belichick, Peyton Manning and Tom Brady during his Pro Football Hall of Fame enshrinement speech Saturday.",2026-08-09T13:37:39Z,https://www.espn.com/nfl/story/_/id/49562810/vinatieri-pokes-fun-manning-belichick-hall-fame-speech,Adam Vinatieri
49561875,Adam Vinatieri holds back tears while thanking parents during HOF speech,Adam Vinatieri holds back tears while thanking parents during HOF speech,2026-08-08T17:37:57Z,https://www.espn.com/video/clip/_/id/49561875/adam-vinatieri-holds-back-tears-thanking-parents-hof-speech,Adam Vinatieri
49555724,Colts' Cam Taylor-Britt suspended 1 game for violating personal conduct policy,"Indianapolis Colts cornerback Cam Taylor-Britt must serve a one-game suspension without pay in the team's season opener, the NFL announced Friday.",2026-08-07T20:58:07Z,https://www.espn.com/nfl/story/_/id/49555724/colts-cam-taylor-britt-suspended-1-game-violating-personal-conduct-policy,Cam Taylor-Britt
49546256,Coach Shane Steichen thrilled to have Jonathan Taylor on the Colts,Coach Shane Steichen thrilled to have Jonathan Taylor on the Colts,2026-08-06T17:44:54Z,https://www.espn.com/video/clip/_/id/49546256/coach-shane-steichen-thrilled-jonathan-taylor-colts,Jonathan Taylor
49545158,Can Colts recapture '25 magic? Taylor deal reflects optimism,"The Colts believe they can recapture their early-season success from 2025, but they couldn't do it without Jonathan Taylor.",2026-08-06T15:47:30Z,https://www.espn.com/nfl/story/_/id/49545158/indianapolis-colts-jonathan-taylor-extension-daniel-jones,Jonathan Taylor
49544650,What Jonathan Taylor's extension means for the Colts,What Jonathan Taylor's extension means for the Colts,2026-08-06T12:37:58Z,https://www.espn.com/video/clip/_/id/49544650/what-jonathan-taylor-extension-means-colts,Jonathan Taylor
49544515,"Jonathan Taylor agrees to 2-year, $44M extension with Colts","The Colts and Jonathan Taylor have agreed to terms on a two-year, $44 million extension, the star running back's agent told ESPN's Adam Schefter and NFL Network's Ian Rapoport.",2026-08-06T15:01:34Z,https://www.espn.com/nfl/story/_/id/49544515/jonathan-taylor-agree-2-year-44m-extension-colts,Jonathan Taylor
49540063,Colts WR Josh Downs sees opportunity approaching,"Downs' production took a downturn in 2025, one the Colts studied and plan to remedy.",2026-08-06T11:48:48Z,https://www.espn.com/nfl/story/_/id/49540063/indianapolis-colts-josh-downs-wide-receiver-outlook,Josh Downs
49766035,Jaguars acquire Quinn Ewers in trade with Dolphins,"The Jaguars have traded for quarterback Quinn Ewers, who played in four games for the Dolphins last season and completed 66.3% of his passes, sending a 2018 sixth-round pick to Miami in return.",2026-08-30T11:42:57Z,https://www.espn.com/nfl/story/_/id/49766035/jacksonville-jaguars-acquire-quinn-ewers-miami-dolphins,Quinn Ewers
49758325,Jaguars shut out Bucs in final preseason game,Jaguars shut out Bucs in final preseason game,2026-08-29T03:33:35Z,https://www.espn.com/video/clip/_/id/49758325/jaguars-shut-bucs-final-preseason-game,Michael Wortham|Wesley Williams|DeeJay Dallas
49758165,Bucs rookie QB Jalon Daniels gets a surprise start but falters in preseason loss at Jaguars,"Jalon Daniels’ chances of earning Tampa Bay’s backup quarterback job seemed to diminish in the team’s preseason finale, a 19-0 loss at Jacksonville on Friday night in which neither side played starters.",2026-08-29T03:52:29Z,http://www.espn.com/nfl/recap?gameId=401873306,
49725895,What to expect from Jaguars' running backs in 2026,"With no clear No. 1 rusher, Jacksonville will try the running-back-by-committee approach on offense. Will it work?﻿",2026-08-26T12:53:41Z,https://www.espn.com/nfl/story/_/id/49725895/what-expect-jaguars-running-backs-bhayshul-tuten-chris-rodriguez-jr-2026,Bhayshul Tuten|Chris Rodriguez Jr
49663821,2026 Jacksonville Jaguars: Projecting final 53-man roster,"While there are injuries along the O-line and at linebacker to consider, much of the Jaguars' roster is set ahead of Sunday's cut-down deadline.",2026-08-24T10:02:07Z,https://www.espn.com/nfl/story/_/id/49663821/2026-nfl-season-jacksonville-jaguars-final-roster-projection-depth-chart,
49671935,Jaguars OT Cole Van Lanen activated after Week 18 injury,The Jaguars have activated offensive tackle Cole Van Lanen from the PUP list as he makes his return from a knee injury that forced him to miss Jacksonville's playoff loss last season.,2026-08-20T16:59:20Z,https://www.espn.com/nfl/story/_/id/49671935/jaguars-ot-cole-van-lanen-activated-week-18-injury,Cole Van Lanen
49671085,Why Travis Hunter should play cornerback full time for Jags,Why Travis Hunter should play cornerback full time for Jags,2026-08-20T15:42:02Z,https://www.espn.com/video/clip/_/id/49671085/why-travis-hunter-play-cornerback-full-jags,Travis Hunter
49427691,"2026 Jacksonville Jaguars training camp: Latest intel, updates","Catch up on our daily updates from Jaguars training camp, including intel on QBs, position battles and potential breakouts.",2026-08-19T19:43:11Z,https://www.espn.com/nfl/story/_/id/49427691/jacksonville-jaguars-training-camp-2026-intel-updates,Travis Hunter|Trevor Lawrence|Chris Rodriguez Jr|Jarrian Jones|Anton Harrison|Parker Washington
49659019,Giants trade Daniel Faalele to Jaguars for 6th-round draft pick,The Giants have traded guard Daniel Faalele to the Jaguars for a sixth-round draft pick in 2027.,2026-08-20T15:54:52Z,https://www.espn.com/nfl/story/_/id/49659019/sources-giants-agree-trade-daniel-faalele-jaguars,Daniel Faalele
49640399,What we've seen from Travis Hunter at Jaguars training camp,Hunter is almost through his second NFL training camp. What has stood out from his split time at receiver and cornerback?,2026-08-18T10:41:24Z,https://www.espn.com/nfl/story/_/id/49640399/jacksonville-jaguars-travis-hunter-2026-training-camp-takeaways,Travis Hunter
49622747,Zach Wilson stands out for the Saints in a 24-20 preseason loss to the Jaguars,"— Zach Wilson, saddled with the “draft bust” label as he tries to salvage his NFL career, is giving the New Orleans Saints reasons to take him seriously as a potential backup to Tyler Shough.",2026-08-16T01:53:30Z,http://www.espn.com/nfl/recap?gameId=401873281,
49577700,How Jaguars WR Brian Thomas Jr. prepared to be better in 2026,"Thomas has worked intentionally to improve his hands for 2026, and as Liam Coen said, ""It elevates everybody's game when BT is playing at his highest level.""",2026-08-11T11:46:10Z,https://www.espn.com/nfl/story/_/id/49577700/jacksonville-jaguars-wr-brian-thomas-jr-fantasy-offseason-improve-2026,Brian Thomas Jr
49498108,Jaguars' Travis Hunter feeling faster even with weight gain,Travis Hunter is 10 pounds heavier than his rookie season but faster than he has ever been.,2026-07-31T18:40:24Z,https://www.espn.com/nfl/story/_/id/49498108/jaguars-travis-hunter-feeling-faster-even-weight-gain,Travis Hunter
49384503,Inside NFL Rooney Rule coaches say is rigged against them,Brian Flores' lawsuit finds the NFL's Rooney Rule at a crossroads as more than 20 coaches spoke to ESPN about the issues they face.,2026-07-26T17:45:24Z,https://www.espn.com/nfl/story/_/id/49384503/inside-nfl-rooney-rule-coach-hiring-process,
49097540,2026 Jacksonville Jaguars training camp preview,The Jaguars begin training camp on Tuesday. Here are key players to watch and a 53-man roster projection.,2026-07-23T15:30:03Z,https://www.espn.com/nfl/story/_/id/49097540/2026-jacksonville-jaguars-training-camp-preview,Trevor Lawrence|Travis Hunter|Brian Thomas Jr|Chris Rodriguez Jr|Caleb Ransaw
49429080,Is Parker Washington the Jags WR to watch? 👀,Is Parker Washington the Jags WR to watch? 👀,2026-07-23T02:56:49Z,https://www.espn.com/video/clip/_/id/49429080/is-parker-washington-jags-wr-watch,Parker Washington
49355033,Betting on the Jaguars in 2026: Is a repeat of '25 success on tap?,"Analysis of the 2026 Jaguars, how we're betting them and our favorite picks heading into the NFL season.",2026-07-22T10:50:54Z,https://www.espn.com/espn/betting/story/_/id/49355033/jacksonville-jaguars-betting-outlook-2026,
49248781,"NFL players love wearing their 'slippers and slides, baby!'","From Hulk slides to Hot Wheels slippers to therapeutic mules, NFL players focus on their feet off the field.",2026-07-19T14:23:22Z,https://www.espn.com/nfl/story/_/id/49248781/nfl-slippers-slides-therapeutic-kyle-pitts-brian-thomas-jr-devon-witherspoon,Devon Witherspoon|Derick Hall|Javontae Jean-Baptiste|Brian Thomas Jr|Nic Scourton|Kyle Pitts Sr|Jessie Bates III|AJ Barner|Chad Muma|Isaiah Rodgers
49353060,Should the NFL adopt the UFL's 4-point field goal rule?,Current and former kickers share mixed opinions on whether a rule change would be good for the NFL.,2026-07-18T15:01:43Z,https://www.espn.com/nfl/story/_/id/49353060/kickers-2026-nfl-four-point-field-goal-rule-change-ufl-cam-little-brandon-aubrey,Cam Little
39387572,Who are the current NFL team owners?,NFL team owners carry a variety of reputations in the public eye. Who is in charge of your favorite franchises? Check out this list for more details.,2026-07-14T15:01:39Z,https://www.espn.com/nfl/story/_/id/39387572/who-current-nfl-team-owners,
49309306,How are Super Bowl-level NFL rosters built at each position?,Do teams need first-round QBs to reach the Super Bowl? Is it crucial to spend big on No. 1 receivers and top-tier edge rushers? Let's sort through rosters from the past 15 Super Bowls.,2026-07-10T00:15:43Z,https://www.espn.com/nfl/story/_/id/49309306/2026-nfl-season-super-bowl-roster-building-positions-draft-signings-trades,
49295229,2026 NFL season: Picking breakout candidates for all 32 teams,Big year for Luther Burden III? Step forward for Calen Bullock? Opportunity for Nic Scourton to step up? And Ashton Jeanty delivering on expectations in Year 2?,2026-07-13T20:32:24Z,https://www.espn.com/nfl/story/_/id/49295229/2026-nfl-season-breakout-candidates-burden-bullock-mclaurin,
49237026,"Execs, coaches, scouts rank top NFL edge rushers for 2026",Who are the best edge rushers in the NFL right now? Evaluators around the league ranked the top 10 in our annual position-by-position series.,2026-07-16T12:45:13Z,https://www.espn.com/nfl/story/_/id/49237026/ranking-nfl-top-10-edge-rushers-2026-execs-coaches-scouts,Myles Garrett|Micah Parsons|Danielle Hunter|Will Anderson Jr|Maxx Crosby|Aidan Hutchinson|TJ Watt|Nick Bosa|Brian Burns|Nik Bonitto|Jared Verse|Josh Hines-Allen
49231555,Ranking 2026 NFL rosters: Best projected starting lineups,"Here's how every NFL roster stacks up ahead of the season, plus strengths, weaknesses, X factors and underrated players to know for all 32.",2026-07-06T18:27:58Z,https://www.espn.com/nfl/story/_/id/49231555/2026-nfl-roster-ranking-starting-lineups-projection-32-teams,
49758617,Seattle's Myers misses field goal as time expires and Seahawks play to 9-9 tie with Chiefs,"— Seattle's Jason Myers missed a 52-yard field goal as time expired, and the Seahawks played to a 9-9 tie with the Kansas City Chiefs Friday night in a preseason matchup of rookie third-string quarterbacks.",2026-08-29T04:28:31Z,http://www.espn.com/nfl/recap?gameId=401873305,
49758527,Seattle Seahawks vs. Kansas City Chiefs Game Highlights,Seattle Seahawks vs. Kansas City Chiefs Game Highlights,2026-08-29T03:22:42Z,https://www.espn.com/video/clip/_/id/49758527/seattle-seahawks-vs-kansas-city-chiefs-game-highlights,Nick Vannett|Jason Myers|Harrison Butker
49756697,Polymarket withdraws market on Mahomes' return from injury,"Polymarket US said it withdrew plans to offer trading on Patrick Mahomes' return to the field, a type of market the NFL says should be prohibited.",2026-08-29T06:02:49Z,https://www.espn.com/nfl/story/_/id/49756697/polymarket-withdraws-market-mahomes-return-injury,Patrick Mahomes
49736574,How Chiefs offense is working to solve one of 2025's biggest issues,Kansas City had one of the NFL's worst play-action passing attacks last season. Expect that to change in 2026.,2026-08-27T10:00:06Z,https://www.espn.com/nfl/story/_/id/49736574/kansas-city-chiefs-offense-kenneth-walker-preseason-play-action,Patrick Mahomes|Kenneth Walker III|Xavier Worthy|Tyquan Thornton|Rashee Rice|Travis Kelce
49727700,Sources: Giants trading OL Josh Ezeudu to Chiefs for '28 pick,"The Giants are trading offensive lineman Josh Ezeudu to the Chiefs for a 2028 seventh-round pick, sources said.",2026-08-26T10:12:11Z,https://www.espn.com/nfl/story/_/id/49727700/sources-giants-trading-ol-josh-ezeudu-chiefs-28-pick,Joshua Ezeudu
49724277,"Patrick Mahomes feeling 'great,' on track to start Week 1",Chiefs QB Patrick Mahomes said he has felt better and better the more he has practiced this summer and expects to remain on track to start in Week 1.,2026-08-25T21:26:26Z,https://www.espn.com/nfl/story/_/id/49724277/patrick-mahomes-feeling-great-track-start-week-1,Patrick Mahomes
49712245,Orlovsky: Chiefs' dependence on rookies is concerning,Orlovsky: Chiefs' dependence on rookies is concerning,2026-08-24T15:19:28Z,https://www.espn.com/video/clip/_/id/49712245/chiefs-dependence-rookies-concerning,
49663269,2026 Kansas City Chiefs: Projecting final 53-man roster,Who will make the team? Which positions have tough decisions on deck? Chiefs reporter Nate Taylor makes his predictions.,2026-08-24T10:00:12Z,https://www.espn.com/nfl/story/_/id/49663269/2026-nfl-season-kansas-city-chiefs-final-roster-projection-depth-chart,Patrick Mahomes|Kenneth Walker III|Travis Kelce
49708587,Mahomes wants to play in Chiefs' preseason finale,Nate Taylor discusses the possibility that Chiefs QB Patrick Mahomes plays in the team's final preseason game.,2026-08-24T04:35:00Z,https://www.espn.com/video/clip/_/id/49708587/mahomes-wants-play-chiefs-preseason-finale,
49697497,"Chiefs' Butker kicks 69-yard field goal, but has late misses as Daniels rallies Bucs to 16-15 win",— A stellar night for Harrison Butker soured in a hurry.,2026-08-23T04:11:32Z,http://www.espn.com/nfl/recap?gameId=401873296,
49447878,"2026 Kansas City Chiefs training camp: Latest intel, updates","Catch up on our updates from Chiefs training camp, including intel on QBs, position battles and potential breakouts.",2026-08-20T18:25:25Z,https://www.espn.com/nfl/story/_/id/49447878/kansas-city-chiefs-training-camp-2026-intel-updates,Patrick Mahomes|Mansoor Delane|Jalen Royals|Cyrus Allen|Rashee Rice|Kenneth Walker III|Kahlil Benson|Peter Woods|R Mason Thomas|Justin Fields|Felix Anudike-Uzomah
49659208,Why Mad Dog is expecting a big year out of Patrick Mahomes,Why Mad Dog is expecting a big year out of Patrick Mahomes,2026-08-19T14:42:15Z,https://www.espn.com/video/clip/_/id/49659208/why-mad-dog-expecting-big-year-patrick-mahomes,Patrick Mahomes
49651105,Chiefs' Bieniemy: Wife 'on a great road to recovery',Chiefs' Bieniemy: Wife 'on a great road to recovery',2026-08-18T19:41:45Z,https://www.espn.com/video/clip/_/id/49651105/wife-great-road-recovery,
49650737,Chiefs' Bieniemy: Wife to make full recovery after being shot,"Chiefs offensive coordinator Eric Bieniemy said Tuesday that his wife, Mia, is on track to make a full recovery after she was allegedly shot by the couple's son last month in the family's home in Virginia.",2026-08-18T19:43:52Z,https://www.espn.com/nfl/story/_/id/49650737/chiefs-bieniemy-wife-make-full-recovery-being-shot,
49622454,"First-round pick Ty Simpson throws 2 TD passes, rallies Rams past Chiefs 20-12 in preseason debut",— There were a whole bunch of raised eyebrows when the Los Angeles Rams drafted Ty Simpson in the first round in April.,2026-08-16T00:06:32Z,http://www.espn.com/nfl/recap?gameId=401873283,
49602431,Rookie Benson earns shot to start at RT for Chiefs,The former starter for national champion Indiana has garnered a lot of praise in camp for his attitude and strength.,2026-08-14T10:00:12Z,https://www.espn.com/nfl/story/_/id/49602431/kansas-city-chiefs-rookie-kahlil-benson,Kahlil Benson|Jaylon Moore
49596036,Travis Kelce calls MSG wedding with Taylor Swift 'best night of my life',The Kansas City Chiefs tight end shared his first public comments Wednesday regarding his wedding with Taylor Swift.,2026-08-13T21:51:57Z,https://www.espn.com/nfl/story/_/id/49596036/travis-kelce-taylor-swift-wedding-madison-square-garden-kansas-city-chiefs-best-night-my-life,Travis Kelce
49592164,Chiefs' Travis Kelce says he can still 'play at a high level',"Chiefs star Travis Kelce says he believes he can perform at a higher level in what could be his final NFL season, adding that he also wants to be more accountable as a leader in the locker room.",2026-08-12T19:30:14Z,https://www.espn.com/nfl/story/_/id/49592164/chiefs-travis-kelce-says-play-high-level,Travis Kelce
49584035,Chiefs' Rashee Rice says jail sentence was 'learning experience',"Chiefs receiver Rashee Rice says his 30-day jail sentence earlier this year was a ""learning experience and a reality check.""",2026-08-11T19:22:34Z,https://www.espn.com/nfl/story/_/id/49584035/chiefs-rashee-rice-says-jail-sentence-was-learning-experience,Rashee Rice
49582718,Andrew Hawkins pushes back on Patrick Mahomes decline talk,Andrew Hawkins pushes back on Patrick Mahomes decline talk,2026-08-11T16:07:29Z,https://www.espn.com/video/clip/_/id/49582718/andrew-hawkins-pushes-back-patrick-mahomes-decline-talk,Andrew Hawkins|Patrick Mahomes
49577689,Why Chiefs' receivers have been trending upward at camp,Nate Taylor breaks down the performances of the Chiefs' receivers at training camp thus far.,2026-08-14T02:46:43Z,https://www.espn.com/video/clip/_/id/49577689/why-chiefs-receivers-trending-upward-camp,
49574977,OC Eric Bieniemy returns to Chiefs after shooting of wife,"Chiefs offensive coordinator Eric Bieniemy returned to the team Monday after a two-week absence following the shooting of his wife. Bieniemy's son Elijah, 27, has been charged in the shooting.",2026-08-10T19:16:09Z,https://www.espn.com/nfl/story/_/id/49574977/oc-eric-bieniemy-returns-chiefs-shooting-wife,
49562116,Patrick Mahomes testing knee in Chiefs camp: 'It feels great',"Patrick Mahomes says he has tried to protect his rehabbed knee during practice but that it feels ""great"" and he sometimes doesn't even think about it.",2026-08-08T19:36:54Z,https://www.espn.com/nfl/story/_/id/49562116/patrick-mahomes-testing-knee-chiefs-camp-feels-great,Patrick Mahomes
49554483,Reid: Mahomes unlikely to play in Chiefs' preseason opener,"Although Chiefs quarterback Patrick Mahomes has participated in every part of training camp, coach Andy Reid acknowledged Friday that he will likely not have him play in the team's preseason opener next week against the Rams.",2026-08-07T21:36:41Z,https://www.espn.com/nfl/story/_/id/49554483/reid-mahomes-unlikely-play-chiefs-preseason-opener,Patrick Mahomes
49539711,"Chiefs drop GEHA Field, return to simply Arrowhead Stadium",The home of the Kansas City Chiefs will once again be known simply as Arrowhead Stadium.,2026-08-05T19:49:54Z,https://www.espn.com/nfl/story/_/id/49539711/chiefs-drop-geha-field-return-simply-arrowhead-stadium,
49537899,Why Stephen A. has Chiefs winning the AFC West,Why Stephen A. has Chiefs winning the AFC West  ,2026-08-05T15:58:28Z,https://www.espn.com/video/clip/_/id/49537899/why-stephen-chiefs-winning-afc-west,Patrick Mahomes|Travis Kelce
49530266,"Eric Bieniemy checks in at Chiefs camp, but return unclear","Chiefs offensive coordinator Eric Bieniemy has been checking in more frequently with the team during training camp, but it remains unclear when he will return to the coaching staff following the shooting of his wife at their Virginia home.",2026-08-04T18:59:52Z,https://www.espn.com/nfl/story/_/id/49530266/eric-bieniemy-checks-chiefs-camp-return-unclear,
49521237,Why Stephen A. won't count out the Chiefs as Super Bowl contenders,Why Stephen A. won't count out the Chiefs as Super Bowl contenders,2026-08-03T16:10:44Z,https://www.espn.com/video/clip/_/id/49521237/why-stephen-count-chiefs-super-bowl-contenders,Patrick Mahomes
49505881,"Chiefs rookie standout Cyrus Allen bruised, Xavier Worthy injured","Chiefs wide receiver Cyrus Allen sustained a shin bruise during a special teams drill, a source said, while fellow receiver Xavier Worthy also left the field early because of a shoulder injury.",2026-08-02T04:20:47Z,https://www.espn.com/nfl/story/_/id/49505881/chiefs-rookie-standout-cyrus-allen-helped-leg-injury,Cyrus Allen|Xavier Worthy
49504830,How Chiefs' defense can help them bounce back this season,How Chiefs' defense can help them bounce back this season,2026-08-01T14:53:46Z,https://www.espn.com/video/clip/_/id/49504830/how-chiefs-defense-help-bounce-back-season,
49500558,Rookie wideout Cyrus Allen an early star of Chiefs training camp,"In three days, Cyrus Allen has earned first-team reps with Patrick Mahomes and the Chiefs offense.",2026-08-01T10:00:02Z,https://www.espn.com/nfl/story/_/id/49500558/2026-kansas-city-chiefs-training-camp-cyrus-allen-patrick-mahomes,Cyrus Allen|Patrick Mahomes
49496406,Why Graziano believes Chiefs could see a Week 1 return for Mahomes,Why Graziano believes Chiefs could see a Week 1 return for Mahomes,2026-07-31T13:46:42Z,https://www.espn.com/video/clip/_/id/49496406/why-graziano-believes-chiefs-see-week-1-return-mahomes,Patrick Mahomes
49755300,Biggest decisions facing the Raiders ahead of roster cutdown deadline,We answer the five biggest questions the Raiders are facing ahead of cutdown day.,2026-08-29T10:00:03Z,https://www.espn.com/nfl/story/_/id/49755300/las-vegas-raiders-questions-decisions-ahead-nfl-roster-cutdown-deadline,Ashton Jeanty|Fernando Mendoza|Kirk Cousins
49751391,Ashton Jeanty injury could open door for Mike Washington Jr.,Ryan McFadden on Mike Washington Jr. potentially replacing Ashton Jeanty as his injury timeline remains uncertain.,2026-08-28T10:59:16Z,https://www.espn.com/video/clip/_/id/49751391/ashton-jeanty-injury-open-door-mike-washington-jr,
49749940,Kubiak mum on Raiders starter as Fernando Mendoza struggles,"Raiders coach Klint Kubiak refused to name a regular-season starter after Thursday's preseason finale, although his utilization hints at Kirk Cousins getting the call in Week 1.",2026-08-28T06:12:33Z,https://www.espn.com/nfl/story/_/id/49749940/kubiak-mum-raiders-starter-fernando-mendoza-struggles,Kirk Cousins|Fernando Mendoza
49749042,A rough night for Raiders rookie Fernando Mendoza in 18-12 preseason loss to the 49ers,"— Las Vegas rookie quarterback Fernando Mendoza saw what it was like to face a strong NFL pass rush, even against a San Francisco defense comprised of reserves, and he was sacked twice and threw an interception in the 49ers' 18-12 preseason victory...",2026-08-28T04:20:29Z,http://www.espn.com/nfl/recap?gameId=401873641,
49724805,Raiders' Klint Kubiak says injured Ashton Jeanty 'on the mend',"Asked Tuesday about the severity of Ashton Jeanty's injury and if the second-year player will begin the season on the injured reserve, coach Klint Kubiak simply said, ""He's on the mend.""",2026-08-25T20:57:22Z,https://www.espn.com/nfl/story/_/id/49724805/raiders-klint-kubiak-says-injured-ashton-jeanty-mend,Ashton Jeanty
49682780,2026 Las Vegas Raiders: Projecting final 53-man roster,"Coach Klint Kubiak and GM John Spytek have difficult decisions to make at quarterback, wide receiver and cornerback.",2026-08-24T19:41:07Z,https://www.espn.com/nfl/story/_/id/49682780/2026-nfl-season-las-vegas-raiders-final-roster-projection-depth-chart,
49711235,When will the Raiders start Mendoza?,When will the Raiders start Mendoza?,2026-08-24T13:18:34Z,https://www.espn.com/video/clip/_/id/49711235/when-raiders-start-mendoza,Fernando Mendoza
49708202,Sources: Raiders RB Jeanty believed to have sprained ankle,"Las Vegas running back Ashton Jeanty, who had to be helped off the practice field Sunday, is believed to have sprained his ankle, sources told ESPN's Adam Schefter and NFL Network's Ian Rapoport, and the Raiders still are unsure how long he will be out.",2026-08-24T04:32:50Z,https://www.espn.com/nfl/story/_/id/49708202/raiders-rb-jeanty-believed-sprained-ankle,Ashton Jeanty
49705650,Raiders' Ashton Jeanty exits practice with apparent knee injury,Raiders running back Ashton Jeanty left Sunday's training camp practice early after suffering an apparent right knee injury.,2026-08-23T22:46:52Z,https://www.espn.com/nfl/story/_/id/49705650/raiders-ashton-jeanty-exits-practice-apparent-knee-injury,Ashton Jeanty
49681247,"Why Swagu is picking Cousins as Raiders' starting QB, for now","Why Swagu is picking Cousins as Raiders' starting QB, for now",2026-08-21T14:34:24Z,https://www.espn.com/video/clip/_/id/49681247/why-swagu-picking-cousins-raiders-starting-qb-now,Kirk Cousins|Fernando Mendoza
49677418,Kubiak keeps Raiders' QB race going: 'We got another week',"With one week left in the preseason, Raiders coach Klint Kubiak said he wasn't prepared to name a starting quarterback, adding ""I don't want anyone to be comfortable in their job.""",2026-08-21T05:55:41Z,https://www.espn.com/nfl/story/_/id/49677418/kubiak-keeps-raiders-qb-race-going-got-another-week,Fernando Mendoza|Kirk Cousins
49660906,Inside Raiders QB Fernando Mendoza's game preparation,"The rookie QB's studious history shows he'll be ready for Thursday's preseason game at Houston (8 p.m. ET, ESPN).",2026-08-20T13:42:33Z,https://www.espn.com/nfl/story/_/id/49660906/las-vegas-raiders-quarterback-fernando-mendoza-quarterback-2026-preparation-development,Fernando Mendoza
49658441,Why Hawkins wants to see Mendoza at QB 'as soon as possible',Why Hawkins wants to see Mendoza at QB 'as soon as possible',2026-08-19T13:53:38Z,https://www.espn.com/video/clip/_/id/49658441/why-hawkins-wants-see-mendoza-qb-soon-possible,Fernando Mendoza
49425032,"2026 Las Vegas Raiders training camp: Latest intel, updates","Catch up on our daily updates from Raiders training camp, including intel on QBs, position battles and potential breakouts.",2026-08-17T20:17:14Z,https://www.espn.com/nfl/story/_/id/49425032/las-vegas-raiders-training-camp-2026-intel-updates,Maxx Crosby|Fernando Mendoza|Kirk Cousins|Kwity Paye|Malik Benson|Brock Bowers|Jackson Powers-Johnson
49612269,'I Scored a Touchdown' - Dave Casper,'I Scored a Touchdown' - Dave Casper,2026-08-16T13:41:45Z,https://www.espn.com/video/clip/_/id/49612269/i-scored-touchdown-dave-casper,
49611554,"Kubiak: All three QBs, including Mendoza, deserve 1st-team reps","Raiders coach Klint Kubiak says rookie quarterback Fernando Mendoza played ""good football"" in his preseason debut, adding that all three signal-callers deserve more first-team reps.",2026-08-14T20:16:28Z,https://www.espn.com/nfl/story/_/id/49611554/kubiak-all-three-qbs-including-mendoza-deserve-1st-team-reps,Kirk Cousins|Fernando Mendoza|Aidan O'Connell
49606498,Raiders rookie Fernando Mendoza throws for 97 yards in 4 drives,Raiders rookie QB Fernando Mendoza completed 10 of 16 passes for 97 yards and a touchdown on four drives against the Cardinals.,2026-08-14T05:40:20Z,https://www.espn.com/nfl/story/_/id/49606498/raiders-rookie-fernando-mendoza-throws-97-yards-4-drives,Fernando Mendoza
49591552,Klint Kubiak has brought his culture and urgency to Raiders,"Players and coaches appreciate the ""no nonsense"" approach coach Klint Kubiak has brought to his first training camp with the Raiders.",2026-08-13T17:07:45Z,https://www.espn.com/nfl/story/_/id/49591552/las-vegas-raiders-coach-klint-kubiak-first-season-2026-urgency,Kirk Cousins|Fernando Mendoza
49585220,Raiders QB Mendoza 'will get plenty of reps' in preseason opener,"Raiders rookie QB Fernando Mendoza, the No. 1 pick in April's NFL draft, ""will get plenty of reps"" in Thursday's preseason opener against the Cardinals, coach Klint Kubiak said.",2026-08-11T21:48:05Z,https://www.espn.com/nfl/story/_/id/49585220/raiders-qb-mendoza-get-plenty-reps-preseason-opener,Fernando Mendoza
49578332,Former NFL QB Derek Carr joins UCLA as special adviser,"UCLA is adding former Raiders and Saints quarterback Derek Carr as a special adviser to coach Bob Chesney, the team announced Monday.",2026-08-14T10:24:06Z,https://www.espn.com/college-football/story/_/id/49578332/former-nfl-qb-derek-carr-joins-ucla-special-adviser,Derek Carr
49574504,Takeaways from Raiders' nine training camp practices,Nine takeaways after nine Raiders training camp practices. Here's what we've learned.,2026-08-10T15:42:30Z,https://www.espn.com/nfl/story/_/id/49574504/las-vegas-raiders-training-camp-practices-takeaways,Kirk Cousins|Brock Bowers|Ashton Jeanty|Fernando Mendoza
49562444,Roger Craig opens up about dementia diagnosis during taped HOF speech,Roger Craig opens up about dementia diagnosis during taped HOF speech,2026-08-08T19:28:56Z,https://www.espn.com/video/clip/_/id/49562444/roger-craig-opens-dementia-diagnosis-taped-hof-speech,
49561930,"Raiders hold Cousins, Crosby from practice day after scuffle",Raiders quarterback Kirk Cousins and defensive end Maxx Crosby were held out of practice Saturday for disciplinary reasons stemming from their fight on Friday.,2026-08-08T18:34:40Z,https://www.espn.com/nfl/story/_/id/49561930/raiders-hold-cousins-crosby-practice-day-scuffle,Kirk Cousins|Maxx Crosby
49555077,"Raiders' Kirk Cousins, Maxx Crosby scuffle during practice",Raiders quarterback Kirk Cousins and star pass rusher Maxx Crosby got into a scuffle late in practice Friday before their teammates quickly jumped in and separated them.,2026-08-08T11:47:23Z,https://www.espn.com/nfl/story/_/id/49555077/raiders-cousins-crosby-scuffle-friday-practice,Maxx Crosby|Kirk Cousins
49545102,Graziano: Tom Brady urging Raiders to sit Mendoza until he's ready,Graziano: Tom Brady urging Raiders to sit Mendoza until he's ready,2026-08-06T14:09:29Z,https://www.espn.com/video/clip/_/id/49545102/tom-brady-urging-raiders-sit-mendoza-ready,Tom Brady|Fernando Mendoza
49500640,Maxx Crosby's approaching Raiders training camp with intensity,We talked to players and coaches about Maxx Crosby's first few days at Raiders training camp.,2026-08-03T10:00:11Z,https://www.espn.com/nfl/story/_/id/49500640/las-vegas-raiders-maxx-crosby-2026-training-camp,Maxx Crosby
49512520,Three-time Pro Bowl guard Andrus Peat announces NFL retirement,"Andrus Peat, a three-time Pro Bowl selection over 11 NFL seasons, has announced his retirement from the NFL.",2026-08-02T15:00:06Z,https://www.espn.com/nfl/story/_/id/49512520/three-pro-bowl-guard-andrus-peat-announces-nfl-retirement,Andrus Peat
49490330,Fernando Mendoza fine opening as Raiders' QB2 behind Kirk Cousins,"Fernando Mendoza said he is fine with being patient and playing behind Kirk Cousins, who was named the Raiders' starting QB to begin training camp.",2026-07-30T18:49:23Z,https://www.espn.com/nfl/story/_/id/49490330/fernando-mendoza-fine-opening-raiders-qb2-kirk-cousins,Fernando Mendoza|Kirk Cousins
49753987,Chargers offense taking shape under Mike McDaniel,Kris Rhim on the Chargers' explosive offense in their preseason Week 3 win over the Rams.,2026-08-29T14:42:39Z,https://www.espn.com/video/clip/_/id/49753987/chargers-offense-taking-shape-mike-mcdaniel,
49753583,Donte Whitner: Justin Herbert 'can win it all' this season,Donte Whitner: Justin Herbert 'can win it all' this season  ,2026-08-28T16:12:12Z,https://www.espn.com/video/clip/_/id/49753583/justin-herbert-win-all-season,Justin Herbert
49749704,"No starters, no problem: Ty Simpson’s 2nd-quarter TD sparks the Rams’ preseason sweep","— Ty Simpson threw a go-ahead touchdown in the second quarter, Harrison Mevis kicked two 27-yard field goals and the Los Angeles Rams beat the Los Angeles Chargers 20-18 on Thursday night in the teams' preseason finale.",2026-08-28T05:51:29Z,http://www.espn.com/nfl/recap?gameId=401873300,
49682597,2026 Los Angeles Chargers: Projecting final 53-man roster,"Coach Jim Harbaugh and GM Joe Hortiz have difficult decisions to make at outside linebacker, safety and offensive line.",2026-08-24T19:11:19Z,https://www.espn.com/nfl/story/_/id/49682597/2026-nfl-season-los-angeles-chargers-final-roster-projection-depth-chart,
49702892,Chargers place Tyler Biadasz on season-ending injured reserve,The Chargers placed Tyler Biadasz on season-ending injured reserve after the center suffered damage to his ACL and additional injuries to his left knee.,2026-08-23T17:54:25Z,https://www.espn.com/nfl/story/_/id/49702892/chargers-place-tyler-biadasz-season-ending-injured-reserve,Tyler Biadasz
49662894,Chargers rookie Akheem Mesidor paving way for Ottawa NFL players,Ottawa is having a moment in the NFL. And the city's first first-rounder Akheem Mesidor hopes to usher in the next generation.,2026-08-21T13:49:02Z,https://www.espn.com/nfl/story/_/id/49662894/los-angeles-chargers-akheem-mesidor-ottawa-canada-nfl-players,Akheem Mesidor
49677368,Cowing returns punt for TD to spark the 49ers in 41-17 preseason win over the Chargers,— Jacob Cowing let out a season's worth of frustration with one electric play.,2026-08-21T06:24:29Z,http://www.espn.com/nfl/recap?gameId=401873285,
49661157,Sources: Chargers' Tyler Biadasz out indefinitely with ACL injury,"Chargers center Tyler Biadasz is out indefinitely after suffering damage to his ACL and additional injuries to his left knee, sources told ESPN and NFL Network.",2026-08-19T18:11:27Z,https://www.espn.com/nfl/story/_/id/49661157/sources-chargers-tyler-biadasz-indefinitely-acl-injury,Tyler Biadasz
49660144,What does Tyler Biadasz's injury mean for Chargers' season?,What does Tyler Biadasz's injury mean for Chargers' season?,2026-08-19T16:34:51Z,https://www.espn.com/video/clip/_/id/49660144/what-does-tyler-biadasz-injury-mean-chargers-season,Tyler Biadasz
49650712,Chargers' Tyler Biadasz carted off with left leg injury,Chargers center Tyler Biadasz was carted off the field after 49ers defensive tackle Sebastian Valdez fell into his left leg during Tuesday's joint practice.,2026-08-18T18:15:47Z,https://www.espn.com/nfl/story/_/id/49650712/chargers-tyler-biadasz-carted-left-leg-injury,Tyler Biadasz
49642371,Chargers' McDaniel lauds Herbert's progression in offense,"New offensive coordinator Mike McDaniel, during a media availability Monday, spoke glowingly of Los Angeles Chargers quarterback Justin Herbert's work this summer in training camp, saying, ""He's been everything that I'd hoped and more.""",2026-08-17T22:32:45Z,https://www.espn.com/nfl/story/_/id/49642371/chargers-mcdaniel-lauds-herbert-progression-offense,Justin Herbert
49424976,"2026 Los Angeles Chargers training camp: Latest intel, updates","Catch up on our daily updates from Chargers training camp, including intel on QBs, position battles and potential breakouts.",2026-08-13T20:02:03Z,https://www.espn.com/nfl/story/_/id/49424976/los-angeles-chargers-training-camp-2026-intel-updates,Justin Herbert|Tuli Tuipulotu|Trey Pipkins III|Rashawn Slater|Branson Taylor
49593606,Why the Chargers' schedule makes them a fantasy defense to target,Why the Chargers' schedule makes them a fantasy defense to target,2026-08-12T22:15:26Z,https://www.espn.com/video/clip/_/id/49593606/why-chargers-schedule-makes-fantasy-defense-target,
49528163,Why Gerald McCoy's patience is running thin with Justin Herbert,Why Gerald McCoy's patience is running thin with Justin Herbert,2026-08-04T13:01:22Z,https://www.espn.com/video/clip/_/id/49528163/why-gerald-mccoy-patience-running-thin-justin-herbert,Justin Herbert|Gerald McCoy|Jason McCourty
49502842,Trey Pipkins III joins Chargers' left guard competition,Kris Rhim reports on the Chargers' competition at left guard with Trey Pipkins III joining the fray.,2026-08-01T05:45:54Z,https://www.espn.com/video/clip/_/id/49502842/trey-pipkins-iii-joins-chargers-left-guard-competition,
49487068,Family: Ex-LB Billy Ray Smith Jr. died of CTE-caused dementia,"Former Chargers linebacker and College Football Hall of Famer Billy Ray Smith Jr. has died at 64, with his family saying he had CTE-caused dementia.",2026-07-30T14:33:07Z,https://www.espn.com/nfl/story/_/id/49487068/family-ex-lb-billy-ray-smith-jr-dies-cte-caused-dementia,
49470734,"Justin Herbert, Madison Beer announce engagement","The Los Angeles Chargers quarterback recently starred in his now-fiancee's music video for her song ""lovergirl.""",2026-07-29T20:36:35Z,https://www.espn.com/nfl/story/_/id/49470734/justin-herbert-madison-beer-los-angeles-chargers-engagement,Justin Herbert
49433328,Players with the most at stake during Chargers' training camp,We picked out six players who have a lot to prove during the Los Angeles Chargers' training camp.,2026-07-28T10:00:17Z,https://www.espn.com/nfl/story/_/id/49433328/los-angeles-chargers-training-camp-storylines-preview-six-players-watch,Derius Davis|Daiyan Henley|Quentin Johnston|Tuli Tuipulotu|Jake Slaughter|Junior Colson
49355216,Betting on the Los Angeles Chargers in 2026: The hype feels real,"Examining the Chargers' outlook for 2026, the ways to bet them and our best bet going into the NFL season.",2026-07-23T10:45:11Z,https://www.espn.com/espn/betting/story/_/id/49355216/los-angeles-chargers-betting-outlook-2026,
49099220,2026 Los Angeles Chargers training camp preview,"The Chargers begin training camp on July 29 in El Segundo, California. Here's key players to watch and a 53-man roster projection.",2026-07-23T17:31:09Z,https://www.espn.com/nfl/story/_/id/49099220/2026-los-angeles-chargers-training-camp-preview,Justin Herbert|Tre' Harris|Junior Colson|Akheem Mesidor
49307927,"Execs, coaches, scouts rank top NFL safeties for 2026","Let's close the 2026 positional top-10 ranking series with the NFL's best safeties. Kyle Hamilton is still No. 1, but there were big changes this year on the rest of the list.",2026-07-16T13:30:35Z,https://www.espn.com/nfl/story/_/id/49307927/ranking-nfl-top-10-safeties-2026-execs-coaches-scouts,Kyle Hamilton|Kerby Joseph|Brian Branch|Xavier McKinney|Jessie Bates III|Derwin James Jr|Budda Baker|Nick Emmanwori|Antoine Winfield|Calen Bullock
49351307,2026 NFL season: New coach-player scheme pairings to watch,Can Brian Daboll take Cam Ward's game to another level? How will Sean Payton scheme up Jaylen Waddle? Is the Chris Shula-Myles Garrett combo unstoppable?,2026-07-14T10:22:36Z,https://www.espn.com/nfl/story/_/id/49351307/2026-nfl-season-coach-coordinator-playcaller-player-matches-scheme-solak,
49315416,"Execs, coaches, scouts rank top NFL quarterbacks for 2026",Who are the elite QBs in the NFL right now? Which passer ranks No. 1? And where do multiple top names from the 2024 draft class land on our top-10 list?,2026-07-16T10:37:32Z,https://www.espn.com/nfl/story/_/id/49315416/ranking-nfl-top-10-quarterbacks-2026-execs-coaches-scouts,Josh Allen|Patrick Mahomes|Matthew Stafford|Joe Burrow|Lamar Jackson|Dak Prescott|Justin Herbert|Drake Maye|Jared Goff|Caleb Williams
49750040,"Rams' McVay: Atwell trade about depth, not possible Nacua ban","Rams coach Sean McVay said the team acquired Tutu Atwell to add depth to the receiver room and had ""nothing to do"" with a possible suspension for Puka Nacua.",2026-08-28T11:55:30Z,https://www.espn.com/nfl/story/_/id/49750040/atwell-trade-depth-not-possible-nacua-ban,Tutu Atwell|Puka Nacua
49744695,Dolphins trade WR Tutu Atwell to Rams for RB Jarquez Hunter,"The Dolphins have traded wide receiver Tutu Atwell back to the Rams in exchange for running back Jarquez Hunter, the teams announced on Thursday.",2026-08-27T19:52:24Z,https://www.espn.com/nfl/story/_/id/49744695/dolphins-trade-tutu-atwell-rams-jarquez-hunter,Tutu Atwell|Jarquez Hunter
49733143,Swagu insists Aaron Donald is 'still in his prime',Swagu insists Aaron Donald is 'still in his prime',2026-08-26T17:09:40Z,https://www.espn.com/video/clip/_/id/49733143/swagu-insists-aaron-donald-his-prime,Aaron Donald|Myles Garrett
49658470,2026 Los Angeles Rams: Projecting final 53-man roster,Coach Sean McVay and GM Les Snead have difficult decisions to make on the Rams' 2026 roster.,2026-08-24T10:01:02Z,https://www.espn.com/nfl/story/_/id/49658470/2026-nfl-season-los-angeles-rams-final-roster-projection-depth-chart,
49695665,"Stetson Bennett looks sharp, Saints' backup QBs don't separate in Rams' 34-0 preseason win",— Stetson Bennett cleared up the Los Angeles Rams' backup quarterback situation a bit with another solid outing Saturday.,2026-08-23T00:47:37Z,http://www.espn.com/nfl/recap?gameId=401873290,
49673878,Aaron Donald to continue workouts with Rams as decision looms,Rams head coach Sean McVay said he anticipates more workouts from Aaron Donald before the defensive tackle decides whether to come out of retirement.,2026-08-20T21:13:05Z,https://www.espn.com/nfl/story/_/id/49673878/aaron-donald-continue-workouts-rams-decision-looms,Aaron Donald
49641695,"Rams not looking to rush WR Puka Nacua, DE Myles Garrett back to practice","The Rams want Puka Nacua and Myles Garrett to be 100% healthy before they return from injuries, coach Sean McVay said.",2026-08-17T20:43:12Z,https://www.espn.com/nfl/story/_/id/49641695/rams-not-looking-rush-wr-puka-nacua-de-myles-garrett-back-practice,Puka Nacua|Myles Garrett
49631972,Retired Aaron Donald works out for Rams for second time,Aaron Donald worked out for the Los Angeles Rams on Saturday as he continues his process to determine whether he wants to come out of retirement.,2026-08-16T21:20:48Z,https://www.espn.com/nfl/story/_/id/49631972/retired-aaron-donald-works-rams-second,Aaron Donald
49627652,"Aaron Donald decision has no 'invisible deadline,' Sean McVay says","Rams coach Sean McVay says he won't put an ""invisible deadline"" on Aaron Donald to come out of retirement but added that he hopes the former star defensive tackle makes a decision ""sooner than later.""",2026-08-16T16:14:37Z,https://www.espn.com/nfl/story/_/id/49627652/aaron-donald-decision-no-invisible-deadline-sean-mcvay-says,Aaron Donald
49622863,Rams' top pick Simpson shines in 2-TD preseason debut vs. Chiefs,"Rams rookie Ty Simpson, the second quarterback taken in this year's draft, showed plenty of poise in going 21-of-25 for 190 yards and two touchdowns in his preseason debut against the Chiefs on Saturday.",2026-08-16T01:34:23Z,https://www.espn.com/nfl/story/_/id/49622863/rams-top-pick-simpson-shines-2-td-preseason-debut-vs-chiefs,Ty Simpson
49610407,Canty on whether Rams are Super Bowl favorites: 'Hell no!',Canty on whether Rams are Super Bowl favorites: 'Hell no!',2026-08-18T00:29:09Z,https://www.espn.com/video/clip/_/id/49610407/hell-no,
49605241,Judge rules against Rams in latest NFL arbitration case,"A California judge ruled Wednesday that the Rams' arbitration rules are ""an example of an employer's attempt to overreach"" in a wrongful termination lawsuit filed by a former employee against the team.",2026-08-14T03:01:28Z,https://www.espn.com/nfl/story/_/id/49605241/judge-rules-rams-latest-nfl-arbitration-case,
49434454,"2026 Los Angeles Rams training camp: Latest intel, updates","Catch up on our daily updates from Rams training camp, including intel on QBs, position battles and potential breakouts.",2026-08-14T13:33:08Z,https://www.espn.com/nfl/story/_/id/49434454/los-angeles-rams-training-camp-2026-intel-updates,Matthew Stafford|Ty Simpson|Stetson Bennett IV|Trent McDuffie|Byron Young|Kyren Williams
49602915,Rams expect Puka Nacua to return to practicing next week,"Wide receiver Puka Nacua is expected to return to practice next week, coach Sean McVay said Thursday.",2026-08-13T21:10:38Z,https://www.espn.com/nfl/story/_/id/49602915/rams-expect-puka-nacua-return-practicing-next-week,Puka Nacua|Myles Garrett
49595116,Jonas Brothers to perform at NFL's first regular-season game in Australia,The Jonas Brothers will be part of the entertainment lineup for the NFL's first regular-season game in Australia.,2026-08-13T01:28:10Z,https://www.espn.com/nfl/story/_/id/49595116/jonas-brothers-half-nfl-performance-season-opener-australia-rams-49ers,
49585012,Rams' Nacua exits with groin soreness; Garrett sidelined again,"Myles Garrett is dealing with some swelling in his knee and did not take part in the Rams' joint practice Tuesday against the Cowboys, while Puka Nacua left the workout early with minor groin soreness.",2026-08-11T23:40:13Z,https://www.espn.com/nfl/story/_/id/49585012/rams-myles-garrett-misses-practice-again-puka-nacua-exits-early,Myles Garrett|Puka Nacua
49545502,'Iron sharpens iron': New CB McDuffie elevating Rams' WRs,"True back-and-forths between WRs Adams, Nacua and new CB McDuffie hints at a promising season ahead for the Rams.",2026-08-09T10:00:04Z,https://www.espn.com/nfl/story/_/id/49545502/los-angeles-rams-trent-mcduffie-elevate-wr-davante-adams-puka-nacua,Trent McDuffie
49549627,Sean McVay hails Aaron Donald workout as Rams await DT's call,"Rams coach Sean McVay said Thursday he doesn't have an answer to whether Aaron Donald will come out of retirement this season but added that the former All-Pro defensive tackle ""looked outstanding"" during his workout with the team Tuesday.",2026-08-07T06:09:28Z,https://www.espn.com/nfl/story/_/id/49549627/sean-mcvay-praises-aaron-donald-rams-await-dt-decision,Aaron Donald
49544674,Andrew Hawkins: Donald return could make Rams an all-time great defense,Andrew Hawkins: Donald return could make Rams an all-time great defense   ,2026-08-06T12:54:10Z,https://www.espn.com/video/clip/_/id/49544674/donald-return-make-rams-all-great-defense,Aaron Donald|Myles Garrett|Andrew Hawkins
49515062,Rams hold Garrett out as he deals with 'a little soreness',"Los Angeles Rams defensive end Myles Garrett is dealing with ""a little soreness in his lower half,"" Sean McVay said on Sunday, keeping the pass rusher out of practice for the third consecutive day, but the coach added that ""there's no reason for concern.""",2026-08-02T22:27:43Z,https://www.espn.com/nfl/story/_/id/49515062/rams-hold-garrett-deals-little-soreness,Myles Garrett
49501604,"Rams' Sean McVay: No Aaron Donald update, but 'trending upwards'","Rams coach Sean McVay says he doesn't expect defensive tackle Aaron Donald to decide about coming out of retirement until after the team returns to its facility but noted that ""things are going in the right direction.""",2026-08-01T15:24:23Z,https://www.espn.com/nfl/story/_/id/49501604/rams-coach-sean-mcvay-no-update-aaron-donald-decision-going-right-direction,Aaron Donald
49355492,Betting on the Los Angeles Rams in 2026: It's Super Bowl or bust in L.A.,"Examining the Rams' outlook for 2026, the ways to bet them and our best bet going into the NFL season.",2026-07-30T10:44:20Z,https://www.espn.com/espn/betting/story/_/id/49355492/los-angeles-rams-betting-outlook-2026,
49484652,Rams' Garrett excited by possibility of Donald returning to play,"Rams defensive tackle Myles Garrett expressed excitement over the possibility of Aaron Donald coming out of retirement to play this season, saying he thinks the duo ""can do great things.""",2026-07-30T01:56:31Z,https://www.espn.com/nfl/story/_/id/49484652/rams-garrett-excited-possibility-donald-returning-play,Myles Garrett|Aaron Donald
49764367,Dolphins' Hafley says success won't be defined by winning,Dolphins coach Jeff Hafley says he won't measure the team's success this season by wins and losses.,2026-08-29T21:17:51Z,https://www.espn.com/nfl/story/_/id/49764367/dolphins-hafley-says-success-defined-winning,
49662375,2026 Miami Dolphins: Projecting final 53-man roster,Who sticks at wide receiver? Which cornerbacks make the cut? Dolphins reporter Marcel Louis-Jacques makes his predictions.,2026-08-24T10:01:53Z,https://www.espn.com/nfl/story/_/id/49662375/2026-nfl-season-miami-dolphins-final-roster-projection-depth-chart,Malik Willis|De'Von Achane|Jordyn Brooks|Chop Robinson
49695697,Jameis Winston runs for a touchdown in the Giants' 26-3 preseason win over the Dolphins,— The New York Giants appeared to be the better team during their joint practice with the Miami Dolphins this week.,2026-08-23T01:01:29Z,http://www.espn.com/nfl/recap?gameId=401873292,
49675355,Dolphins less interested in winning joint practice than improving,"The Dolphins had some highlights against the Giants, but coach Jeff Hafley had his eyes on one-on-one battles.",2026-08-21T10:00:27Z,https://www.espn.com/nfl/story/_/id/49675355/miami-dolphins-joint-practice-new-york-giants,De'Von Achane|Jacob Rodriguez
49672671,Players pulled from fight-filled Giants-Dolphins practice,Multiple players from Thursday's joint practice between the Dolphins and Giants were pulled for throwing punches or their physical actions during a fight-filled workout.,2026-08-21T04:45:14Z,https://www.espn.com/nfl/story/_/id/49672671/players-pulled-fight-filled-giants-dolphins-practice,
49638440,Dolphins activate rookie Chris Bell ahead of practice debut,"The Dolphins activated rookie wide receiver Chris Bell from the active/non-football injury list Monday, paving the way for him to make his practice debut.",2026-08-17T15:58:10Z,https://www.espn.com/nfl/story/_/id/49638440/dolphins-activate-chris-bell-paving-way-practice-debut,Chris Bell
49614344,"Dolphins' Malik Willis has impressive start, Marcus Mariota injured as Commanders win 20-7","— Malik Willis got off to an impressive start as Miami's new quarterback, leading a 14-play, 93-yard touchdown drive as the Dolphins lost 20-7 to the Washington Commanders Friday night in the preseason opener for both teams.",2026-08-15T03:45:41Z,http://www.espn.com/nfl/recap?gameId=401873277,
49611336,"Troy Aikman facing MNF limits due to Dolphins role, NFL says","ESPN analyst Troy Aikman will see some restrictions in the lead-up to ""Monday Night Football"" broadcasts similar to those for Fox's Tom Brady.",2026-08-14T20:18:34Z,https://www.espn.com/nfl/story/_/id/49611336/troy-aikman-facing-mnf-limits-due-dolphins-role-nfl-says,
49601790,Rookie Caleb Douglas atop Dolphins WR depth chart for preseason opener,"Miami's thin wide receiver room created an opportunity for Caleb Douglas to make an early impact, which he has done so far.",2026-08-14T10:00:11Z,https://www.espn.com/nfl/story/_/id/49601790/dolphins-wr-caleb-douglas-depth-chart-starting-preseason-games,Caleb Douglas
49410015,"2026 Miami Dolphins training camp: Latest intel, updates","Catch up on our daily updates from Dolphins' training camp, including intel on QBs, position battles and potential breakouts.",2026-08-13T19:44:00Z,https://www.espn.com/nfl/story/_/id/49410015/miami-dolphins-training-camp-2026-intel-updates,Malik Willis|De'Von Achane|Austin Jackson|Chop Robinson|Chris Johnson|Caleb Douglas|Donovan Edwards|Quinn Ewers|Miles Battle|Louis Moore|Jacob Rodriguez
49582399,Jeff Hafley on De'Von Achane workload: He 'better be in good shape',"Hafley promised a heavy workload for De'Von Achane, saying that the Dolphins' star RB could have games in which he touches the ball more than 40 times.",2026-08-11T14:27:25Z,https://www.espn.com/nfl/story/_/id/49582399/jeff-hafley-devon-achane-workload-better-good-shape,De'Von Achane
49576366,Dolphins coach: Malik Willis' confidence is starting to grow,Dolphins coach: Malik Willis' confidence is starting to grow,2026-08-10T20:18:59Z,https://www.espn.com/video/clip/_/id/49576366/malik-willis-confidence-starting-grow,Malik Willis
49564317,"With De'Von Achane's workload safe, Dolphins sorting out backups' pecking order",Expect Achane to get the workload Dolphins fans have gotten used to. But there's an interesting battle to be his backup.,2026-08-09T10:00:14Z,https://www.espn.com/nfl/story/_/id/49564317/dolphins-rbs-devon-achane-heavy-workload-fantasy-ollie-gordon-jaylen-wright,De'Von Achane|Ollie Gordon II
49530005,Sillman to oversee Dolphins' football ops; Garfinkel steps down,The Miami Dolphins on Tuesday named Daniel Sillman to oversee football operations and announced that team president and CEO Tom Garfinkel is stepping down after 13 years in that role.,2026-08-04T18:51:38Z,https://www.espn.com/nfl/story/_/id/49530005/sillman-oversee-dolphins-football-ops-garfinkel-steps-down,
49498144,Dolphins top pick Proctor embracing NFL learning curve,"Proctor, the first draft pick under the Dolphins' new regime, is learning to be a pro, all while learning a new position.",2026-08-01T10:00:11Z,https://www.espn.com/nfl/story/_/id/49498144/2026-nfl-training-camp-miami-dolphins-kadyn-proctor-learning-guard,Kadyn Proctor
49440506,Why Dolphins rookie class could be among NFL's most impactful,The Dolphins drafted 13 players in the spring. They all will have a chance to make an impact this season.,2026-07-26T10:00:03Z,https://www.espn.com/nfl/story/_/id/49440506/nfl-training-camp-2026-season-dolphins-rookies-impact,Kadyn Proctor|Chris Bell|Jacob Rodriguez|Chris Johnson|Will Kacmarek
49433796,Andrew Hawkins lays out concerns for Tyreek Hill's future,Andrew Hawkins lays out concerns for Tyreek Hill's future,2026-07-23T16:56:21Z,https://www.espn.com/video/clip/_/id/49433796/andrew-hawkins-lays-concerns-tyreek-hill-future,Tyreek Hill|Andrew Hawkins|Pat McAfee
49096889,2026 Miami Dolphins training camp preview,The Dolphins begin training camp on Tuesday in Miami Gardens. Here's key players to watch and a 53-man roster projection.,2026-07-23T10:01:01Z,https://www.espn.com/nfl/story/_/id/49096889/2026-miami-dolphins-training-camp-preview,Malik Willis
49417979,"Dolphins, All-Pro LB Jordyn Brooks reach 3-year, $51.3M extension","The Dolphins and linebacker Jordyn Brooks have agreed to a three-year, $51.3 million extension with $35 million guaranteed, agent Erik Burkhardt told ESPN's Adam Schefter.",2026-07-22T11:02:09Z,https://www.espn.com/nfl/story/_/id/49417979/dolphins-all-pro-lb-jordyn-brooks-reach-3-year-513m-extension,Jordyn Brooks
49317858,Betting on the Miami Dolphins in 2026: Underdog role will be familiar,"Examining the Dolphins' outlook for 2026, the ways to bet them and our best bet going into the NFL season.",2026-07-20T10:49:42Z,https://www.espn.com/espn/betting/story/_/id/49317858/miami-dolphins-betting-outlook-2026,
49756810,Vikings' McCarthy out for preseason finale due to ankle injury,"Vikings quarterback J.J. McCarthy will not play in Friday's preseason game against the Broncos because of an ankle injury, but a source told ESPN the team does not consider it a long-term issue.",2026-08-29T04:49:14Z,https://www.espn.com/nfl/story/_/id/49756810/vikings-mccarthy-preseason-finale-due-ankle-injury,JJ McCarthy
49742848,Is Vikings rookie Caleb Banks healthy and ready to perform?,"It appears Banks is over his foot surgeries, but questions linger about the first-rounder's conditioning.",2026-08-28T12:19:21Z,https://www.espn.com/nfl/story/_/id/49742848/nfl-minnesota-vikings-caleb-banks-brian-flores,Caleb Banks
49737102,Vikings still have uncertainty of who will backup Kyler,Kevin Seifert discusses the uncertainty surrounding the Vikings' backup quarterback position.,2026-08-27T01:16:08Z,https://www.espn.com/video/clip/_/id/49737102/vikings-uncertainty-backup-kyler,
49376202,"2026 Minnesota Vikings training camp: Latest intel, updates","Catch up on our updates from Vikings training camp, including intel on QBs, position battles and potential breakouts.",2026-08-26T23:17:28Z,https://www.espn.com/nfl/story/_/id/49376202/minnesota-vikings-training-camp-2026-intel-updates,Kyler Murray|JJ McCarthy|Justin Jefferson|Jamal Adams|Caleb Banks|Christian Darrisaw|Jordan Addison|Max Brosmer
49638724,Minnesota Vikings: Projecting final 53-man roster,At least four rookies are poised to contribute out of the gate on both sides of the ball. Who are they?,2026-08-24T10:01:40Z,https://www.espn.com/nfl/story/_/id/49638724/2026-nfl-season-minnesota-vikings-final-roster-projection-depth-chart,
49695231,"J.J. McCarthy plays 18 snaps, gets 'banged up' in Vikings' loss","Quarterback J.J. McCarthy, who ended up with 18 snaps, would have played longer Saturday if he had not gotten ""banged up"" during a rough first quarter in the Vikings' 13-3 preseason loss to the Ravens, coach Kevin O'Connell said.",2026-08-23T13:23:23Z,https://www.espn.com/nfl/story/_/id/49695231/mccarthy-plays-18-snaps-gets-banged-vikings-loss,JJ McCarthy
49650193,Coach Carter brings old-school toughness to Vikings' O-line,Minnesota's new offensive line coach is pushing players beyond their comfort zone -- and they're buying in.,2026-08-26T10:18:51Z,https://www.espn.com/nfl/story/_/id/49650193/nfl-minnesota-vikings-keith-carter-offensive-line-darrisaw,Christian Darrisaw
49633559,"Vikings lose Jamal Adams for season, sign undrafted Phillips",The Minnesota Vikings on Monday placed veteran defender Jamal Adams on season-ending injured reserve due to a torn right quadriceps tendon that he suffered Saturday in the Vikings' 13-10 preseason win over the New York Giants at MetLife Stadium.,2026-08-17T19:41:21Z,https://www.espn.com/nfl/story/_/id/49633559/minnesota-vikings-lose-adams-season-due-knee-injury,Jamal Adams|Bryce Phillips
49621093,Murray debuts as Minnesota's starting QB and Dart throws for a TD as Vikings beat Giants 13-10,"— Everything is new for Kyler Murray after joining the Minnesota Vikings, so he made sure to soak in every little thing, from the flights and bus rides to the purple-and-white uniform.",2026-08-15T21:30:29Z,http://www.espn.com/nfl/recap?gameId=401873280,
49620313,Jamal Adams carted to locker room in Vikings' preseason debut,Veteran defender Jamal Adams was taken to the locker room on a cart Saturday shortly after his preseason debut with the Vikings,2026-08-15T20:40:25Z,https://www.espn.com/nfl/story/_/id/49620313/jamal-adams-carted-locker-room-vikings-preseason-debut,Jamal Adams
49600098,Why Orlovsky doesn't blame Kevin O'Connell for Vikings' QB struggles,Why Orlovsky doesn't blame Kevin O'Connell for Vikings' QB struggles,2026-08-13T14:40:27Z,https://www.espn.com/video/clip/_/id/49600098/why-orlovsky-blame-kevin-oconnell-vikings-qb-struggles,JJ McCarthy
49594059,J.J. McCarthy wants to stay with Vikings after losing QB job,"The decision to name Kyler Murray the winner of the Vikings' quarterback competition this week was ""out of my control,"" former starter J.J. McCarthy said Wednesday.",2026-08-13T00:17:35Z,https://www.espn.com/nfl/story/_/id/49594059/jj-mccarthy-says-vikings-qb-decision-control-wants-remain-minnesota,JJ McCarthy|Kyler Murray
49589915,Why J.J. McCarthy's days might be numbered in Minnesota,Why J.J. McCarthy's days might be numbered in Minnesota,2026-08-12T12:59:29Z,https://www.espn.com/video/clip/_/id/49589915/why-jj-mccarthy-days-numbered-minnesota,JJ McCarthy
49585746,How good can Kyler Murray be in Vikings offense?,Kevin Seifert breaks down how Kyler Murray will look in the Vikings' offense now that he was named the starter.,2026-08-11T23:16:19Z,https://www.espn.com/video/clip/_/id/49585746/how-good-kyler-murray-vikings-offense,
49582977,"What Kyler Murray as QB1 means for Vikings, J.J. McCarthy","McCarthy, the No. 10 pick in 2024, will take a back seat to offseason addition Murray. Here's what we know.",2026-08-11T21:37:57Z,https://www.espn.com/nfl/story/_/id/49582977/new-minnesota-vikings-kyler-murray-jj-mccarthy-starter-qb1,Kyler Murray|JJ McCarthy
49583297,Vikings name Kyler Murray starting QB over J.J. McCarthy,The Vikings named Kyler Murray the team's starting quarterback over J.J. McCarthy.,2026-08-12T02:45:12Z,https://www.espn.com/nfl/story/_/id/49583297/vikings-name-kyler-murray-starting-qb-sources-say,Kyler Murray|JJ McCarthy|Carson Wentz|Max Brosmer
49545610,Latest buzz on Vikings' Kyler Murray-J.J. McCarthy QB1 battle,Here is the latest buzz on how  Kyler Murray and J.J. McCarthy have performed in their competition to lead Minnesota's offense.,2026-08-07T10:00:12Z,https://www.espn.com/nfl/story/_/id/49545610/nfl-minnesota-vikings-kyler-murray-jj-mccarthy-starting-quarterback-qb1,Kyler Murray|JJ McCarthy
49532799,Will Jordan Addison get a contract extension in Minnesota?,Kevin Seifert discusses the possibility that Vikings WR Jordan Addison will get a contract extension with the team.,2026-08-05T00:26:39Z,https://www.espn.com/video/clip/_/id/49532799/will-jordan-addison-get-contract-extension-minnesota,
49520717,What McCarthy-Murray QB battle means for Vikings' locker room,"While J.J. McCarthy and Kyler Murray compete for the starting job, their teammates are focused on helping both of them succeed.",2026-08-04T12:34:37Z,https://www.espn.com/nfl/story/_/id/49520717/nfl-minnesota-vikings-jj-mccarthy-kyler-murray-quarterback-competition,Kyler Murray|JJ McCarthy|Justin Jefferson
49513333,"Anniversary of Korey Stringer's death completes reconciliation for family, Vikings","The Aug. 1 anniversary marked the positives that grew out of a tragic day, including the Korey Stringer Institute.",2026-08-02T19:01:09Z,https://www.espn.com/nfl/story/_/id/49513333/anniversary-korey-stringer-death-completes-reconciliation-family-vikings,
49480259,Why Riddick expects Kyler Murray to win the QB battle in Minnesota,Why Riddick expects Kyler Murray to win the QB battle in Minnesota,2026-07-29T15:25:14Z,https://www.espn.com/video/clip/_/id/49480259/why-riddick-expects-kyler-murray-win-qb-battle-minnesota,Kyler Murray|JJ McCarthy
49470513,2026 NFL training camp: Predicting four QB1 battles,"Tua Tagovailoa or Michael Penix Jr.? Deshaun Watson or Shedeur Sanders? We talked to NFL sources to project open QB1 races in Cleveland, Las Vegas, Atlanta and Minnesota.",2026-07-29T16:04:14Z,https://www.espn.com/nfl/story/_/id/49470513/2026-nfl-preseason-training-camp-qb-battles-predictions-vikings-browns-raiders-falcons,Kyler Murray|JJ McCarthy|Deshaun Watson|Shedeur Sanders|Fernando Mendoza|Kirk Cousins|Michael Penix Jr|Tua Tagovailoa
49756779,Why Drake Maye didn't play preseason; will it matter in Week 1?,"New England will kick off the season in Seattle for a Super Bowl rematch on Wednesday, Sept. 9.",2026-08-30T10:00:07Z,https://www.espn.com/nfl/story/_/id/49756779/why-new-england-patriots-qb-drake-maye-didnt-play-preseason-matter-week-1-vs-seattle-seahawks,Drake Maye|Elijah Ponder|Gabe Jacas
49767095,Why did the Patriots trade for RB Corey Kiner?,Mike Reiss breaks down why the Patriots traded for RB Corey Kiner when the Cardinals were going to cut him anyway.,2026-08-29T23:55:11Z,https://www.espn.com/video/clip/_/id/49767095/why-did-patriots-trade-rb-corey-kiner,
49427703,"2026 New England Patriots training camp: Latest intel, updates","Catch up on our daily updates from Patriots training camp, including intel on QBs, position battles and potential breakouts.",2026-08-26T02:59:31Z,https://www.espn.com/nfl/story/_/id/49427703/new-england-patriots-training-camp-2026-intel-updates,Drake Maye|DeAndre Hopkins|AJ Brown|Gabe Jacas|Mack Hollins|Romeo Doubs
49725989,Ann Michael Maye grants Patriots fan's baking Make-a-Wish,"Ann Michael granted a Make-A-Wish on Friday at Gillette Stadium for Skylar, a 16-year-old from Massachusetts diagnosed with a brain tumor.",2026-08-26T00:56:04Z,https://www.espn.com/nfl/story/_/id/49725989/ann-michael-maye-new-england-patriots-make-wish,Drake Maye
49725854,"Gonzalez focused on season, but irked by talks with Patriots","Cornerback Christian Gonzalez, 24, and the New England Patriots continue to discuss a contract extension, and with the regular-season opener Sept. 9 closing in, the veteran defensive back expressed disappointment the sides have yet to reach an agreement.",2026-08-25T23:49:05Z,https://www.espn.com/nfl/story/_/id/49725854/gonzalez-focused-season-irked-talks-patriots,Christian Gonzalez
49711015,Patriots' Vrabel says starters sitting in order to develop depth,"When Patriots coach Mike Vrabel said ""I do not think we have a very deep team"" on Saturday, he was highlighting why Drake Maye, A.J. Brown and other starters haven't played in a preseason game. But was Vrabel also sending a message to the front office?",2026-08-24T16:21:10Z,https://www.espn.com/nfl/story/_/id/49711015/patriots-vrabel-says-starters-sitting-order-develop-depth,
49663810,2026 New England Patriots: Projecting final 53-man roster,There is one burning question facing the roster: How many receivers will New England keep with seven potential options in play?,2026-08-24T10:00:31Z,https://www.espn.com/nfl/story/_/id/49663810/2026-nfl-season-new-england-patriots-final-roster-projection-depth-chart,Drake Maye
49694778,Patriots' Will Campbell leaning into advice from top linemen,"After an up and down rookie season, Campbell focused this offseason on regaining strength lost due to 2025 injury. And he's leaning on his peers for advice.",2026-08-23T12:16:45Z,https://www.espn.com/nfl/story/_/id/49694778/new-england-patriots-campbell-left-tackle-depth-chart,Will Campbell|Drake Maye|AJ Brown|Christian Gonzalez
49697160,"Tommy DeVito throws TD pass, Ja’Quinden Jackson taken off in ambulance as Patriots beat Eagles 24-21",— The Patriots are set at quarterback with Drake Maye. So are the Eagles with Jalen Hurts. But the players vying to back them up made strong statements in Saturday's preseason game.,2026-08-23T03:44:29Z,http://www.espn.com/nfl/recap?gameId=401873293,
49672812,"A.J. Brown, Jalen Hurts reunite briefly amid post-trade rift",A.J. Brown and Jalen Hurts caught up for a few minutes after practice Thursday -- a notable development after the Patriots receiver revealed Wednesday that the former teammates had not spoken since he was traded to New England by the Eagles.,2026-08-20T18:51:23Z,https://www.espn.com/nfl/story/_/id/49672812/aj-brown-jalen-hurts-reunite-briefly-amid-post-trade-rift,Jalen Hurts|AJ Brown
49661851,"Patriots' Brown professes 'love' for Hurts, Eagles after practice","Patriots receiver A.J. Brown said he has nothing but ""love"" for the Eagles and former teammate Jalen Hurts following the two teams' joint practice.",2026-08-19T20:04:02Z,https://www.espn.com/nfl/story/_/id/49661851/patriots-brown-professes-love-hurts-eagles-practice,AJ Brown
49648149,How will the Patriots respond in 2026 to the Super Bowl loss?,"After an eventful offseason with much roster turnover, New England is again focusing on identity to combat a harder schedule this season.",2026-08-19T16:04:53Z,https://www.espn.com/nfl/story/_/id/49648149/new-england-patriots-how-respond-super-bowl-loss-2026-season,Drake Maye|AJ Brown
49638906,Why Dan Orlovsky is pumping the brakes on the Pats,Why Dan Orlovsky is pumping the brakes on the Pats,2026-08-17T14:56:46Z,https://www.espn.com/video/clip/_/id/49638906/why-dan-orlovsky-pumping-brakes-pats,
49622601,Five Patriots who stood out in their first preseason game,"From Kyle Williams to K.J. Britt, here are the players whose performances should have them ascending the Patriots' ranks.",2026-08-16T11:29:46Z,https://www.espn.com/nfl/story/_/id/49622601/new-england-patriots-preseason-risers-game,Kyle Williams|Bradyn Swinson|KJ Britt|Behren Morton|Jam Miller|Drake Maye
49590105,"Riddick: If Pats can answer edge question, they'll be in AFC title game","Riddick: If Pats can answer edge question, they'll be in AFC title game",2026-08-12T13:27:00Z,https://www.espn.com/video/clip/_/id/49590105/pats-answer-edge-question-afc-title-game,Drake Maye
49574198,Patriots TE Hunter Henry signs extension worth up to $20M,"Patriots standout TE Hunter Henry, 31, has signed a two-year contract extension. The deal is worth up to $20 million with $14.5 million guaranteed, sources told ESPN's Adam Schefter.",2026-08-10T21:29:43Z,https://www.espn.com/nfl/story/_/id/49574198/sources-patriots-te-hunter-henry-agree-2-year-extension,Hunter Henry
49564503,Has Patriots CB Christian Gonzalez found his voice?,"Gonzalez, who is still negotiating a contract extension, is leading by example at training camp.",2026-08-09T11:10:52Z,https://www.espn.com/nfl/story/_/id/49564503/new-england-patriots-cb-christian-gonzalez-leadership-field-training-camp,Christian Gonzalez|Drake Maye|AJ Brown
49522190,"A.J. Brown on injury: 'Thumb out of place, you keep going'","Patriots wide receiver A.J. Brown told NFL Network that he dislocated his thumb in Monday's practice, but he didn't miss any time.",2026-08-03T18:22:38Z,https://www.espn.com/nfl/story/_/id/49522190/wr-aj-brown-shakes-dislocated-thumb-patriots-camp,AJ Brown
49724290,"4 issues Saints face ahead of cuts, final week of camp","New Orleans is facing mounting injuries, a kicker battle, control issues and a QB quandary entering final week of its preseason.",2026-08-26T11:52:36Z,https://www.espn.com/nfl/story/_/id/49724290/4-issues-new-orleans-saints-face-ahead-cuts-53-roster-final-week-training-camp,Tyler Shough|Zach Wilson|Spencer Rattler|Alvin Kamara
49712363,Saints to sign two-time All-Pro kicker Daniel Carlson,"The Saints are signing free agent kicker Daniel Carlson, his agents told The NFL Network's Mike Garafolo and Ian Rapoport.",2026-08-24T16:31:25Z,https://www.espn.com/nfl/story/_/id/49712363/saints-sign-two-all-pro-kicker-daniel-carlson,Daniel Carlson
49670342,2026 New Orleans Saints: Projecting final 53-man roster,"Injuries have hit New Orleans hard, so some tough decisions will be made at wide receiver and running back.",2026-08-24T10:01:45Z,https://www.espn.com/nfl/story/_/id/49670342/2026-nfl-season-new-orleans-saints-final-roster-projection-depth-chart,
49707873,Sources: 49ers trade Zamir White to Saints for Deion Jones,"The Saints acquired RB Zamir White in a trade that sent veteran LB Deion Jones to the 49ers, sources told ESPN's Adam Schefter on Sunday night.",2026-08-24T04:20:14Z,https://www.espn.com/nfl/story/_/id/49707873/sources-49ers-trade-zamir-white-saints-deion-jones,Zamir White|Deion Jones
49658952,Source: Saints RB Kamara out at least 1 month with MCL sprain,"Saints RB Alvin Kamara is expected to be sidelined for at least the next month due to a sprained MCL, a source told ESPN's Adam Schefter.",2026-08-19T21:45:46Z,https://www.espn.com/nfl/story/_/id/49658952/source-saints-rb-kamara-least-month-mcl-sprain,Alvin Kamara
49647746,How Jordyn Tyson's injury could impact the Saints this season,How Jordyn Tyson's injury could impact the Saints this season,2026-08-18T12:32:47Z,https://www.espn.com/video/clip/_/id/49647746/how-jordyn-tyson-injury-impact-saints-season,Jordyn Tyson
49642899,Sources: Saints rookie WR Jordyn Tyson could miss two months,"New Orleans Saints rookie wide receiver Jordyn Tyson, 22, the No. 8 pick out of Arizona State who injured his hamstring in a practice last week, could miss the next two months, sources told Ian Rapoport and Mike Garofolo of the NFL Network on Monday.",2026-08-18T00:13:24Z,https://www.espn.com/nfl/story/_/id/49642899/saints-rookie-wr-jordyn-tyson-miss-two-months,Jordyn Tyson
49619693,"Saints' offense passes one test, with Cowboys, Rams up next",Shough and the starting offense got about 50 snaps of work against the Jaguars' first team in their joint practice.,2026-08-20T00:02:22Z,https://www.espn.com/nfl/story/_/id/49619693/new-orleans-saints-offense-passes-one-test-joint-practice-jaguars-cowboys-rams-next,Tyler Shough
49424731,"2026 New Orleans Saints training camp: Latest intel, updates","Catch up on our daily updates from Saints training camp, including intel on QBs, position battles and potential breakouts.",2026-08-17T16:56:44Z,https://www.espn.com/nfl/story/_/id/49424731/new-orleans-saints-training-camp-2026-intel-updates,Tyler Shough|Travis Etienne Jr|Chris Olave|Jordyn Tyson|Bryan Bresee|Nathan Shepherd|Vernon Broughton|Jonas Sanker|Barion Brown
49611207,Saints rookie WR Tyson to miss time due to hamstring injury,"Saints rookie wide receiver Jordyn Tyson has a right hamstring issue and will miss time, according to Saints coach Kellen Moore.",2026-08-14T18:42:19Z,https://www.espn.com/nfl/story/_/id/49611207/saints-rookie-wr-tyson-miss-hamstring-injury,Jordyn Tyson
49602181,Saints rookie WR Jordyn Tyson leaves practice with injury,Saints rookie wide receiver Jordyn Tyson left practice with an injury Thursday and didn't return.,2026-08-13T19:18:09Z,https://www.espn.com/nfl/story/_/id/49602181/saints-rookie-wr-jordyn-tyson-leaves-practice-injury,Jordyn Tyson
49583686,Saints' Cam Jordan (hamstring) could miss start of regular season,"Saints coach Kellen Moore says defensive end Cameron Jordan ""could possibly"" miss the start of the regular season with a hamstring injury.",2026-08-11T18:45:48Z,https://www.espn.com/nfl/story/_/id/49583686/saints-cam-jordan-hamstring-miss-start-regular-season,Cameron Jordan
49568453,Saints' Dillon Radunz out for season because of torn ACL,Saints guard Dillon Radunz is out for the season with a torn ACL.,2026-08-09T17:18:30Z,https://www.espn.com/nfl/story/_/id/49568453/saints-dillon-radunz-season-torn-acl,Dillon Radunz
49562304,Drew Brees thanks Saints fans and city of New Orleans during HOF speech,Drew Brees thanks Saints fans and city of New Orleans during HOF speech,2026-08-08T19:02:26Z,https://www.espn.com/video/clip/_/id/49562304/drew-brees-thanks-saints-fans-city-new-orleans-hof-speech,Drew Brees
49555001,Saints sign ex-Buccaneers LB Deion Jones to 1-year deal,"The Saints have signed Deion Jones to a one-year deal, as the linebacker joins the fourth NFC South team of his career.",2026-08-08T14:29:26Z,https://www.espn.com/nfl/story/_/id/49555001/sources-saints-signing-ex-bucs-lb-deion-jones-1-year-deal,Deion Jones
49548218,NFL suspends Saints rookie WR Brock Rechsteiner for 6 games,"Saints wide receiver Brock Rechsteiner was suspended by the NFL for the first six games of the regular season, according to the league's transaction wir",2026-08-06T23:13:53Z,https://www.espn.com/nfl/story/_/id/49548218/saints-rookie-wr-brock-rechsteiner-suspended-1st-6-games-season,Brock Rechsteiner
49528574,"Drew Brees' greatness, as seen through eyes of teammates, coaches","The former Saints and Chargers QB will be enshrined in the Pro Football Hall of Fame on Saturday, and those who know him share tales of what makes him ""the GOAT.""",2026-08-05T21:15:28Z,https://www.espn.com/nfl/story/_/id/49528574/drew-brees-new-orleans-saints-chargers-pro-football-hall-fame-greatness-eyes-teammates-coaches,Drew Brees
49515016,"Saints place WR Ja'Lynn Polk, 24, on reserve/retired list","Saints wide receiver Ja'Lynn Polk has been placed on the reserve/retired list, the team announced Sunday.",2026-08-02T21:17:03Z,https://www.espn.com/nfl/story/_/id/49515016/saints-place-wr-jalynn-polk-24-reserve-retired-list,Ja'Lynn Polk
49513248,Saints starting DT Bryan Bresee to have season-ending ACL surgery,"Saints defensive tackle Bryan Bresee will undergo season-ending surgery to repair a torn ACL, coach Kellen Moore told reporters Sunday.",2026-08-02T18:44:45Z,https://www.espn.com/nfl/story/_/id/49513248/saints-starting-dt-bryan-bresee-season-ending-acl-surgery,Bryan Bresee
49497392,Why Schefter has high hopes for the Saints this season,Why Schefter has high hopes for the Saints this season,2026-07-31T16:39:01Z,https://www.espn.com/video/clip/_/id/49497392/why-schefter-high-hopes-saints-season,Pat McAfee
49760990,"Beckham Jr. makes roster case, Zvada wins kicker job",Jordan Raanan reports on Odell Beckham Jr. and Dominic Zvada after the Giants' preseason Week 3 win over the Jets.,2026-08-29T11:37:45Z,https://www.espn.com/video/clip/_/id/49760990/beckham-jr-makes-roster-case-zvada-wins-kicker-job,
49759091,Giants' Harbaugh: Beckham has 'done enough' to make NFL roster,"Odell Beckham Jr. had three catches for 53 yards in the Giants' preseason finale, after which coach John Harbaugh said he believes the wide receiver has ""done enough to make an NFL roster.""",2026-08-29T14:21:19Z,https://www.espn.com/nfl/story/_/id/49759091/giants-harbaugh-beckham-done-enough-make-nfl-roster,Odell Beckham Jr
49758745,New York Giants vs. New York Jets Game Highlights,New York Giants vs. New York Jets Game Highlights,2026-08-29T03:52:58Z,https://www.espn.com/video/clip/_/id/49758745/new-york-giants-vs-new-york-jets-game-highlights,Chip Trayanum|Xavier Gipson|Tyrone Tracy Jr
49758279,Jets' Chip Trayanum hospitalized with neck injury after early TD in 23-6 preseason loss to Giants,— Chip Trayanum was taken to a hospital with a neck injury after earlier running for a touchdown in the New York Jets' 23-6 preseason loss to the...,2026-08-29T03:23:29Z,http://www.espn.com/nfl/recap?gameId=401873303,
49434181,"2026 New York Giants training camp: Latest intel, updates","Catch up on our updates from Giants training camp, including intel on QBs, position battles and potential breakouts.",2026-08-27T01:07:54Z,https://www.espn.com/nfl/story/_/id/49434181/new-york-giants-training-camp-2026-intel-updates,Malik Nabers|Jaxson Dart|Abdul Carter|Odell Beckham Jr|Colton Hood
49735190,Giants' Harbaugh talks up Beckham's camp as final cuts approach,"Giants coach John Harbaugh and GM Joe Schoen raved about Odell Beckham Jr.'s performance in camp Wednesday, just days before final cuts are due Sunday.",2026-08-27T10:28:18Z,https://www.espn.com/nfl/story/_/id/49735190/giants-harbaugh-talks-beckham-camp-final-cuts-approach,Odell Beckham Jr
49731495,What is the forecast for Giants with Calvin Austin III out for the season?,What is the forecast for Giants with Calvin Austin III out for the season?,2026-08-26T13:01:06Z,https://www.espn.com/video/clip/_/id/49731495/what-forecast-giants-calvin-austin-iii-season,Calvin Austin III
49731270,Source: Giants WR Calvin Austin (torn ACL) out for season,"Giants wide receiver Calvin Austin III will miss the upcoming season after suffering a torn ACL in his right knee while running a route at Tuesday's training camp practice, a source told ESPN's Adam Schefter.",2026-08-26T16:42:12Z,https://www.espn.com/nfl/story/_/id/49731270/source-giants-wr-calvin-austin-miss-upcoming-season,Calvin Austin III
49723143,"What Giants, Jets really think about living and playing in New Jersey","Giants and Jets players across a generation, from Tiki Barber in the late 1990s to current rookies, share their thoughts on the New York/New Jersey dynamic.",2026-08-26T13:06:48Z,https://www.espn.com/nfl/story/_/id/49723143/what-giants-jets-really-think-living-playing-new-york-new-jersey,
49724505,New York Giants WR Calvin Austin carted off practice field,"New York receiver Calvin Austin III, 27, who signed with the Giants after spending four seasons with Pittsburgh, suffered a ""serious"" injury to his right knee while running a route at Tuesday's training camp practice, a source told ESPN's Adam Schefter.",2026-08-25T21:18:06Z,https://www.espn.com/nfl/story/_/id/49724505/new-york-giants-wr-calvin-austin-carted-practice-field,Calvin Austin III
49722685,Jordan Rodgers: Giants a top-10 offense with a healthy Malik Nabers,Jordan Rodgers: Giants a top-10 offense with a healthy Malik Nabers,2026-08-25T15:22:00Z,https://www.espn.com/video/clip/_/id/49722685/giants-top-10-offense-healthy-malik-nabers,Malik Nabers
49715422,Harbaugh: 'Reasonable to assume' Nabers will be ready for opener,Giants wide receiver Malik Nabers shed the red no-contact jersey and took part in live drills Monday for the first time with Week 1 in sight.,2026-08-24T21:31:33Z,https://www.espn.com/nfl/story/_/id/49715422/harbaugh-reasonable-assume-nabers-ready-opener,Malik Nabers
49676377,2026 New York Giants: Projecting final 53-man roster,Tough calls will have to happen at wide receiver (keep Odell Beckham Jr.?) and at running back (roster four guys?).,2026-08-24T18:00:23Z,https://www.espn.com/nfl/story/_/id/49676377/2026-nfl-season-new-york-giants-final-roster-projection-depth-chart,
49665736,Cam Skattebo still top option in crowded Giants backfield,"With the addition of Najee Harris, it's difficult to predict New York's backfield carries at this point.",2026-08-21T10:00:12Z,https://www.espn.com/nfl/story/_/id/49665736/cam-skattebo-najee-harris-new-york-giants-top-option-crowded-backfield,Cam Skattebo|Najee Harris|Tyrone Tracy Jr|Devin Singletary
49660378,"From Knicks to Yankees, Nick Jonas finds the perfect song",The Jonas Brothers are longtime New York sports fans and have a song that can speak to their favorite teams.,2026-08-20T12:55:56Z,https://www.espn.com/nfl/story/_/id/49660378/nick-jonas-brother-new-york-knicks-yankees-giants-told-songs,
49650142,RB Najee Harris has 'a lot to prove' after signing with Giants,"The Giants have signed free agent running back Najee Harris to a one-year deal, the team announced Tuesday.",2026-08-18T21:57:18Z,https://www.espn.com/nfl/story/_/id/49650142/sources-giants-signing-rb-najee-harris-one-year-deal,Najee Harris|JuJu Smith-Schuster
49642816,Giants' Malik Nabers 'felt good' in 1st full-speed live drills,Giants wide receiver Malik Nabers participated Monday in full-speed live drills for the first time since tearing the ACL and meniscus in his right knee Week 4 of last season.,2026-08-17T23:07:23Z,https://www.espn.com/nfl/story/_/id/49642816/new-york-giants-receiver-malik-nabers-felt-good-first-full-speed-live-drills,Malik Nabers
49638246,Domonique Foxworth sounds off on Jaxson Dart's medical tent comments,Domonique Foxworth sounds off on Jaxson Dart's medical tent comments,2026-08-17T14:19:21Z,https://www.espn.com/video/clip/_/id/49638246/domonique-foxworth-sounds-jaxson-dart-medical-tent-comments,Jaxson Dart
49622134,Giants QB Jaxson Dart 'puzzled' by latest concussion test request,Giants quarterback Jaxson Dart said he is 'puzzled' after being checked for a concussion during Saturday's preseason game against the Vikings.,2026-08-16T16:31:58Z,https://www.espn.com/nfl/story/_/id/49622134/giants-qb-jaxson-dart-puzzled-latest-concussion-test,Jaxson Dart
49600372,A Harbaugh team meeting during training camp -- an inside look,What does an everyday Harbaugh team meeting look like? It's filled with personal messages and quirky terms.,2026-08-14T10:41:26Z,https://www.espn.com/nfl/story/_/id/49600372/new-york-giants-john-harbaugh-team-meeting-training-camp-look,
49577716,QB Jaxson Dart lauded for inbounds slide at Giants camp,"After being examined on five different occasions for a concussion last season, New York Giants quarterback Jaxson Dart slid after a third-down run during Monday's practice, a decision that drew rave reviews from teammates at training camp in New Jersey.",2026-08-10T23:11:24Z,https://www.espn.com/nfl/story/_/id/49577716/qb-jaxson-dart-lauded-inbounds-slide-giants-camp,Jaxson Dart
49570278,What we learned from the Giants in West Virginia,"The New York Giants' experiment in West Virginia, in their first summer under John Harbaugh, seems like a success.",2026-08-10T10:43:11Z,https://www.espn.com/nfl/story/_/id/49570278/learned-new-york-giants-west-virginia-2026-training-camp,Jaxson Dart|Odell Beckham Jr
49545438,"Odell Beckham Jr. impresses at Giants camp, cites LeBron James","Odell Beckham Jr., who has impressed at Giants training camp as he tries to revive his career, cited LeBron James as a comparison for being able to maintain a high level of play.",2026-08-06T15:32:39Z,https://www.espn.com/nfl/story/_/id/49545438/odell-beckham-jr-impresses-giants-camp-cites-lebron-james,Odell Beckham Jr
49531953,Jaxson Dart tosses ball at Giants defender sparking dustup,"Giants quarterback Jaxson Dart sparked a minor dustup at practice Tuesday by tossing the ball at cornerback Greg Newsome after scoring, an action that did not impress New York coach John Harbaugh.",2026-08-05T10:38:06Z,https://www.espn.com/nfl/story/_/id/49531953/jaxson-dart-tosses-ball-giants-defender-sparking-dust-up,Jaxson Dart|Greg Newsome II
49520884,Stephen A.: No way the Giants are making the NFL playoffs,Stephen A.: No way the Giants are making the NFL playoffs ,2026-08-03T15:33:45Z,https://www.espn.com/video/clip/_/id/49520884/no-way-giants-making-nfl-playoffs,
49500174,"Cam Skattebo admits doing 'dumb things,' will save backflips for TDs","Giants running back Cam Skattebo admitted to sometimes doing ""dumb things,"" citing his recent backflip at Fanatics Fest, and said he met with coach John Harbaugh.",2026-08-01T13:51:11Z,https://www.espn.com/nfl/story/_/id/49500174/giants-cam-skattebo-admits-doing-dumb-things-save-backflips-real-touchdowns,Cam Skattebo
49759510,Jets' offseason decisions come back to bite them,Rich Cimini says the Jets could be searching for help at backup quarterback and kicker after Cade Klubnik's struggles and Jason Sanders' costly misses.,2026-08-29T06:24:38Z,https://www.espn.com/video/clip/_/id/49759510/jets-offseason-decisions-come-back-bite-them,
49758023,Jets RB Chip Trayanum should be 'just fine' after neck injury,Jets rookie running back Chip Trayanum was taken to a hospital with a neck injury after being tackled on the final play of the first half of a 23-6 preseason loss to the Giants.,2026-08-29T15:28:24Z,https://www.espn.com/nfl/story/_/id/49758023/jets-chip-trayanum-taken-hospital-injuring-neck-preseason-game-vs-giants,Chip Trayanum
49748099,Did the Jets get it right at No. 2?,"Rich Cimini checks in on the Jets' No. 2 overall draft pick, David Bailey, and where he's fitting in.",2026-08-28T01:02:24Z,https://www.espn.com/video/clip/_/id/49748099/did-jets-get-right-no-2,
49419756,"2026 New York Jets training camp: Latest intel, updates","Catch up on our updates from Jets training camp, including intel on QBs, position battles and potential breakouts.",2026-08-25T21:58:34Z,https://www.espn.com/nfl/story/_/id/49419756/new-york-jets-training-camp-2026-intel-updates,Breece Hall|Geno Smith|Minkah Fitzpatrick|Cade Klubnik
49712241,"Did Aaron Glenn, Geno Smith change? 10 notes from Jets camp","As New York heads toward the regular season, we look back at training camp, including the high-end promise of rookie linebacker David Bailey﻿.",2026-08-26T10:00:05Z,https://www.espn.com/nfl/story/_/id/49712241/nfl-new-york-jets-aaron-glenn-geno-smith-david-bailey,Geno Smith|Kiko Mauigoa|Cade Klubnik|David Bailey|Minkah Fitzpatrick|Isaiah Williams
49685415,2026 New York Jets: Projecting final 53-man roster,"New York looking to solidify starters at key positions, including settling on a kicker. Who will make the final roster?",2026-08-24T10:01:17Z,https://www.espn.com/nfl/story/_/id/49685415/2026-nfl-season-new-york-jets-final-roster-projection-depth-chart,
49686437,Geno Smith throws a touchdown pass during his 1-drive cameo as Jets top Steelers 17-0,— Geno Smith's left ankle appears to be just fine. So much so that a one-drive cameo is all the New York Jets quarterback might need to get ready for the regular season.,2026-08-22T03:29:29Z,http://www.espn.com/nfl/recap?gameId=401873288,
49673504,Jets owner Woody Johnson buys stake in Aston Martin F1 team,"New York Jets chairman Woody Johnson has acquired a minority stake in the Aston Martin Aramco Formula 1 racing team and will join the company's board of directors as vice chairman, it was announced Thursday.",2026-08-20T20:16:03Z,https://www.espn.com/nfl/story/_/id/49673504/jets-owner-woody-johnson-buys-stake-aston-martin-f1-team,
49649540,Can Adonai Mitchell be 'Robin' that Jets are searching for?,New York has struggled to find a complement to Garrett Wilson since drafting him in 2022.,2026-08-20T14:07:35Z,https://www.espn.com/nfl/story/_/id/49649540/new-york-jets-adonai-mitchell-wr2-answer-garrett-wilson,Adonai Mitchell
49649065,"Jets RB Hall expected to miss 2-3 weeks, be ready for opener","Jets starting running back Breece Hall will miss two to three weeks with a groin strain but is expected to be ""ready for the regular season,"" coach Aaron Glenn said Tuesday.",2026-08-18T18:16:23Z,https://www.espn.com/nfl/story/_/id/49649065/jets-rb-hall-expected-miss-2-3-weeks-ready-opener,Breece Hall|Geno Smith
49639624,"Jets RB Hall strains right groin, but likely not serious injury","New York Jets running back Breece Hall strained his right groin in practice on Monday and will have tests to determine the severity of the injury, but coach Aaron Glenn says he didn't think Hall's injury is a big deal.",2026-08-18T11:24:51Z,https://www.espn.com/nfl/story/_/id/49639624/jets-rb-hall-strains-right-groin-likely-not-serious-injury,
49621750,Jets activate DT T'Vondre Sweat from non-football injury list,The Jets activated defensive tackle T'Vondre Sweat from the active/non-football injury list on Saturday after he was sidelined for the start of training camp with a hamstring ailment.,2026-08-15T21:52:06Z,https://www.espn.com/nfl/story/_/id/49621750/jets-activate-dt-tvondre-sweat-non-football-injury-list,T'Vondre Sweat
49614843,"Jets' Geno Smith scratched vs. Bucs due to sore ankle, is day-to-day",Jets quarterback Geno Smith is day-to-day with an ankle injury that occurred Wednesday and resulted in him being scratched from the preseason opener Friday night against the Buccaneers.,2026-08-15T13:15:06Z,https://www.espn.com/nfl/story/_/id/49614843/jets-geno-smith-scratched-vs-bucs-due-sore-ankle-day-day,Geno Smith
49614171,Rookie Cade Klubnik leads 2 scoring drives after Geno Smith is scratched in Jets' 24-16 loss to Bucs,— Cade Klubnik knew he'd make his NFL debut early in the New York Jets' preseason opener. It turned out it came even sooner than expected for the rookie fourth-rounder.,2026-08-15T03:17:29Z,http://www.espn.com/nfl/recap?gameId=401873276,
49602052,Jets want to see rookie QB Klubnik grow into No. 2 role,Aaron Glenn and Frank Reich believe Klubnik is putting in the effort to become NFL-ready.,2026-08-14T10:00:06Z,https://www.espn.com/nfl/story/_/id/49602052/new-york-jets-cade-klubnik-2026-outlook,Geno Smith|Cade Klubnik|Bailey Zappe
49591966,Jets' Qwan'tez Stiggers in concussion protocol after collapsing,"Jets cornerback Qwan'tez Stiggers is ""doing fine"" a day after collapsing during a joint practice against the Buccaneers, coach Aaron Glenn said Wednesday. Stiggers has entered the NFL's concussion protocol after displaying symptoms Tuesday.",2026-08-12T18:57:06Z,https://www.espn.com/nfl/story/_/id/49591966/jets-qwantez-stiggers-concussion-protocol-collapsing,Qwan'tez Stiggers
49584063,Jets CB Stiggers out of hospital after collapsing at practice,Jets cornerback Qwan'tez Stiggers was transported by ambulance to a hospital after collapsing during a joint practice Tuesday with the Buccaneers but was later released.,2026-08-12T00:29:36Z,https://www.espn.com/nfl/story/_/id/49584063/jets-cb-stiggers-hospital-collapsing-practice,Qwan'tez Stiggers
49553481,"No. 2 pick Bailey living up to hype, bringing 'juice' to Jets",New York's rookie pass rusher has lived up to the Jets' expectations early on.,2026-08-09T10:00:11Z,https://www.espn.com/nfl/story/_/id/49553481/new-york-jets-no-2-pick-david-bailey-living-expectations,David Bailey
49529675,Jets rookie TE Kenyon Sadiq to miss time after hernia setback,"Jets rookie tight end Kenyon Sadiq is expected to miss time after suffering a setback from hernia surgery in May, coach Aaron Glenn said Tuesday.",2026-08-04T17:08:07Z,https://www.espn.com/nfl/story/_/id/49529675/jets-rookie-te-kenyon-sadiq-miss-hernia-setback,Kenyon Sadiq
49489372,Jets' Glenn takes more humble approach heading into Year 2,New York's coach is heading into his second season with a different approach and set of expectations.,2026-08-02T10:00:03Z,https://www.espn.com/nfl/story/_/id/49489372/new-york-jets-aaron-glenn-improvement-year-2,
49474294,Jets' Smith rues being 'distraction' after dispute with girlfriend,"Jets quarterback Geno Smith said he regretted being a ""distraction"" to the team after a dispute last month with a former girlfriend went viral on social media and resulted in a police investigation.",2026-07-29T00:18:46Z,https://www.espn.com/nfl/story/_/id/49474294/jets-smith-rues-being-distraction-dispute-girlfriend,Geno Smith
49756471,Alshon Jeffrey's 'I scored a touchdown' story: Super Bowl LII,Alshon Jeffrey's 'I scored a touchdown' story: Super Bowl LII,2026-08-30T12:45:58Z,https://www.espn.com/video/clip/_/id/49756471/super-bowl-lii,Alshon Jeffery
49736237,Eagles offense experiencing growing pains,Tim McManus breaks down expectations for the Eagles offense this year.,2026-08-26T23:49:17Z,https://www.espn.com/video/clip/_/id/49736237/eagles-offense-experiencing-growing-pains,
49733543,Uar Bernard is the Eagles' newest quick study: 'Not of this world',There were so many hands in the defensive tackle's journey to make it possible for him to get drafted in April.,2026-08-27T14:24:30Z,https://www.espn.com/nfl/story/_/id/49733543/philadelphia-eagles-uar-bernard-2026-rookie,Uar Bernard
49714361,"Eagles WR Lemon practices, expects to be in top form for opener",Eagles rookie receiver Makai Lemon participated fully in practice for the first time since injuring his hamstring early in training camp Monday and believes he can be in top form for the season opener against the Commanders on Sept. 13.,2026-08-24T19:34:05Z,https://www.espn.com/nfl/story/_/id/49714361/eagles-wr-lemon-practices-expects-top-form-opener,Makai Lemon
49682915,2026 Philadelphia Eagles: Projecting final 53-man roster,Coach Nick Sirianni and GM Howie Roseman have difficult decisions to make at quarterback and wide receiver.,2026-08-24T10:00:23Z,https://www.espn.com/nfl/story/_/id/49682915/2026-nfl-season-philadelphia-eagles-final-roster-projection-depth-chart,
49697364,"Eagles' Ja'Quinden Jackson taken to hospital after tackle, has movement",Eagles running back Ja'Quinden Jackson left the field by ambulance after being injured on the opening kickoff against the Patriots.,2026-08-23T19:21:11Z,https://www.espn.com/nfl/story/_/id/49697364/eagles-jaquinden-jackson-taken-hospital-tackle-movement,Ja'Quinden Jackson
49681063,Swagu can't fathom the lack of respect for Jalen Hurts,Swagu can't fathom the lack of respect for Jalen Hurts,2026-08-21T14:03:10Z,https://www.espn.com/video/clip/_/id/49681063/swagu-fathom-lack-respect-jalen-hurts,Jalen Hurts
49434399,"2026 Philadelphia Eagles training camp: Latest intel, updates","Catch up on our updates from Eagles training camp, including intel on QBs, position battles and potential breakouts.",2026-08-20T20:16:31Z,https://www.espn.com/nfl/story/_/id/49434399/philadelphia-eagles-training-camp-2026-intel-updates,Jalen Carter|Jordan Davis|Jalen Hurts|DeVonta Smith
49673211,Saquon Barkley: 'I hate joint practices',Saquon Barkley: 'I hate joint practices' ,2026-08-20T19:39:23Z,https://www.espn.com/video/clip/_/id/49673211/hate-joint-practices,Saquon Barkley
49673017,"'I hate joint practices,' Eagles star Saquon Barkley says","Eagles running back Saquon Barkley said he hates back-to-back days of joint practices, adding ""one day is good"" to avoid skirmishes that regularly occur during the sessions.",2026-08-20T19:40:06Z,https://www.espn.com/nfl/story/_/id/49673017/i-hate-joint-practices-says-eagles-star-saquon-barkley,Saquon Barkley
49601462,"Moro Ojomo, Fred Johnson scuffle at Eagles camp",The 11th day of Eagles training camp was defined by a fight between defensive tackle Moro Ojomo and offensive tackle Fred Johnson that could have resulted in injury.,2026-08-13T17:40:45Z,https://www.espn.com/nfl/story/_/id/49601462/moro-ojomo-fred-johnson-scuffle-eagles-camp,Moro Ojomo|Fred Johnson
49599498,Orlovsky: Criticism of Jalen Hurts at training camp is 'outrageous',Orlovsky: Criticism of Jalen Hurts at training camp is 'outrageous',2026-08-13T12:40:12Z,https://www.espn.com/video/clip/_/id/49599498/criticism-jalen-hurts-training-camp-outrageous,Jalen Hurts
49584056,Eagles QB Jalen Hurts' speed in camp drawing rave reviews,"Jalen Hurts is drawing rave reviews in training camp by using his legs more, with players and coaches commenting how much faster he looks now.",2026-08-11T19:05:55Z,https://www.espn.com/nfl/story/_/id/49584056/eagles-qb-jalen-hurts-speed-camp-drawing-rave-reviews,Jalen Hurts
49582563,Eagles OLB Greenard out another couple of weeks with pec injury,Eagles defensive coordinator Vic Fangio expects OLB Jonathan Greenard to miss at least another couple of weeks as he continues to recover from a pectoral injury.,2026-08-11T19:23:38Z,https://www.espn.com/nfl/story/_/id/49582563/eagles-olb-greenard-another-couple-weeks-pec-injury,Jonathan Greenard
49575084,Eagles have bought into new offensive system,"In some ways, the perennial title contenders are starting from scratch on one side of the ball.",2026-08-11T12:08:56Z,https://www.espn.com/nfl/story/_/id/49575084/philadelphia-eagles-bought-new-offensive-system-sean-mannion-jalen-hurts,Jalen Hurts|DeVonta Smith
49575583,Tannenbaum: Saquon Barkley can carry Eagles 'through a lot of question marks',Tannenbaum: Saquon Barkley can carry Eagles 'through a lot of question marks',2026-08-10T17:04:11Z,https://www.espn.com/video/clip/_/id/49575583/saquon-barkley-carry-eagles-lot-question-marks,Saquon Barkley|Jalen Hurts
49561516,Eagles RT Lane Johnson enters season with farewell mindset,"After rejoining the Eagles following four missed practices for personal reasons, right tackle Lane Johnson said he is likely entering his final NFL season.",2026-08-08T17:19:24Z,https://www.espn.com/nfl/story/_/id/49561516/eagles-rt-lane-johnson-enters-season-farewell-mindset,Lane Johnson
49560901,"Eagles will 'lean into' tush push, new OC Sean Mannion says","The Eagles will continue to ""lean into"" the tush push in their new offense, according to offensive coordinator Sean Mannion.",2026-08-08T16:18:42Z,https://www.espn.com/nfl/story/_/id/49560901/eagles-lean-tush-push-new-oc-sean-mannion-says,
49552695,Hasselback: There's a lot of pressure on Eagles OC Sean Mannion,Hasselback: There's a lot of pressure on Eagles OC Sean Mannion,2026-08-07T12:52:47Z,https://www.espn.com/video/clip/_/id/49552695/there-lot-pressure-eagles-oc-sean-mannion,
49545555,Stephen A. Smith and Kimberley A. Martin disagree over criticism of Jalen Hurts,Stephen A. Smith and Kimberley A. Martin disagree over criticism of Jalen Hurts ,2026-08-06T15:46:23Z,https://www.espn.com/video/clip/_/id/49545555/stephen-smith-kimberley-martin-disagree-criticism-jalen-hurts,Jalen Hurts
49528304,Eagles' Nolan Smith apologizes for 'unacceptable' speeding arrest,Eagles outside linebacker Nolan Smith Jr. apologized Monday for his arrest in May for speeding and reckless driving.,2026-08-04T13:48:32Z,https://www.espn.com/nfl/story/_/id/49528304/eagles-nolan-smith-apologizes-unacceptable-speeding-arrest,Nolan Smith Jr
49751239,How many QBs will Steelers keep?,Brooke Pryor details the Steelers potentially keeping four quarterbacks.,2026-08-28T10:40:28Z,https://www.espn.com/video/clip/_/id/49751239/how-many-qbs-steelers-keep,
49749300,McCarthy says all four Steelers quarterbacks have earned spots,"Steelers coach Mike McCarthy said all four of the team's quarterbacks have earned roster spots, saying, ""We got two veterans that we can win with, and we got two young guys that we're excited about the future.""",2026-08-28T04:39:41Z,https://www.espn.com/nfl/story/_/id/49749300/mccarthy-says-all-four-steelers-quarterbacks-earned-spots,Aaron Rodgers|Mason Rudolph|Drew Allar|Will Howard
49712570,Mike McCarthy says Steelers at 'impasse' with CB Joey Porter,"The Steelers are at an ""impasse"" with Joey Porter Jr. as the cornerback remains sidelined on the physically unable to perform list, coach Mike McCarthy says.",2026-08-24T18:07:52Z,https://www.espn.com/nfl/story/_/id/49712570/mike-mccarthy-says-steelers-impasse-cb-joey-porter,Joey Porter Jr|Jalen Ramsey
49659150,2026 Pittsburgh Steelers: Projecting final 53-man roster,The toughest decision facing Pittsburgh comes behind QB Aaron Rodgers and the deliberation between keeping two or three backups.,2026-08-25T13:18:23Z,https://www.espn.com/nfl/story/_/id/49659150/2026-nfl-season-pittsburgh-steelers-final-roster-projection-depth-chart,
49672562,"New NFL blocking, pass rush win rate formulas and takeaways","After eight years, ESPN tweaked the formula for pass rush win rate and pass block win rate. What's new for 2026? Which players saw their stats impacted the most?",2026-08-22T10:31:26Z,https://www.espn.com/nfl/story/_/id/49672562/nfl-new-pass-block-push-rush-win-rates-formula-takeaways-analytics,Nick Herbig
49687242,"Steelers QBs Howard, Allar sputter in preseason dud vs. Jets","Eight days after helping the offense light up the scoreboard with 28 points, young Steelers quarterbacks Will Howard and Drew Allar combined to throw two interceptions, take four sacks and score zero points in a 17-0 preseason loss to the Jets.",2026-08-22T18:05:43Z,https://www.espn.com/nfl/story/_/id/49687242/steelers-qbs-howard-drew-allar-fail-move-offense-preseason-loss-jets,Will Howard|Drew Allar
49660895,"Howard, Allar to get all of Steelers' QB reps vs. Jets",The Steelers will start second-year quarterback Will Howard against the Jets on Friday while 2026 fourth-round pick Drew Allar will follow.,2026-08-20T10:43:51Z,https://www.espn.com/nfl/story/_/id/49660895/howard-allar-get-all-steelers-qb-reps-vs-jets,Will Howard|Drew Allar
49449169,"2026 Pittsburgh Steelers training camp: Latest intel, updates","Catch up on our daily updates from Steelers training camp, including intel on QBs, position battles and potential breakouts.",2026-08-17T19:18:18Z,https://www.espn.com/nfl/story/_/id/49449169/pittsburgh-steelers-training-camp-2026-intel-updates,Aaron Rodgers|Roman Wilson|DK Metcalf|Drew Allar|Michael Pittman Jr|Mason Rudolph|Asante Samuel Jr|Jaquan Brisker|Pat Freiermuth|Max Iheanachor
49614342,"Steelers' Keeanu Benton agrees to 4-year, $72M extension, sources say","The Steelers and defensive tackle Keeanu Benton have agreed to a four-year, $72 million extension, sources told NFL Network's Ian Rapoport.",2026-08-15T13:38:54Z,https://www.espn.com/nfl/story/_/id/49614342/steelers-keeanu-benton-agrees-4-year-72m-extension-sources-say,Keeanu Benton
49606046,"Rookies Drew Allar, Will Howard 'very poised' in Steelers' win",Steelers rookie quarterbacks Drew Allar and Will Howard turned in solid performances during a 28-9 preseason win over the Packers.,2026-08-14T14:01:37Z,https://www.espn.com/nfl/story/_/id/49606046/rookies-drew-allar-howard-very-poised-steelers-win,Drew Allar|Will Howard
49594879,Steelers bring back veteran LB Roberts on one-year deal,"Linebacker Elandon Roberts, who played for the Steelers in 2023 and 2024, is returning to Pittsburgh after the sides reached a one-year deal.",2026-08-13T01:38:39Z,https://www.espn.com/nfl/story/_/id/49594879/steelers-bring-back-lb-roberts-one-year-deal,Elandon Roberts
49529289,Stephen A. and Gerald McCoy clash over expectations for Rodgers' final season,Stephen A. and Gerald McCoy clash over expectations for Rodgers' final season,2026-08-04T16:01:14Z,https://www.espn.com/video/clip/_/id/49529289/stephen-gerald-mccoy-clash-expectations-rodgers-final-season,Aaron Rodgers|Gerald McCoy
49524584,'Tempered': Inside Mike McCarthy's new vision for Steelers,Pittsburgh's new coach is blending sports science and the city's steel-making roots to forge a different camp culture.,2026-08-04T19:12:37Z,https://www.espn.com/nfl/story/_/id/49524584/tempered-pittsburgh-steelers-coach-mike-mccarthy-new-vision,Cameron Heyward|Spencer Anderson|Jaylen Warren
49522774,Rodgers: DK Metcalf knows how to do things the right way,Rodgers: DK Metcalf knows how to do things the right way,2026-08-03T19:16:19Z,https://www.espn.com/video/clip/_/id/49522774/dk-metcalf-knows-how-do-things-right-way,Aaron Rodgers|DK Metcalf|Pat McAfee
49522326,"T.J. Watt, Cam Heyward 'embracing change' with McCarthy","T.J. Watt, Cam Heyward 'embracing change' with McCarthy",2026-08-03T18:25:22Z,https://www.espn.com/video/clip/_/id/49522326/tj-watt-cam-heyward-embracing-change-mccarthy,TJ Watt|Aaron Rodgers|Pat McAfee
49491030,Steelers' Broderick Jones cleared after eight months (neck),Eight months after sustaining a season-ending neck injury -- one he initially feared might end his playing career -- Steelers' Broderick Jones took the field for his fourth training camp.,2026-07-30T22:20:55Z,https://www.espn.com/nfl/story/_/id/49491030/steelers-broderick-jones-cleared-eight-months-neck,Broderick Jones
49479544,How good will the Steelers be in Aaron Rodgers' last season?,How good will the Steelers be in Aaron Rodgers' last season?,2026-07-29T13:31:00Z,https://www.espn.com/video/clip/_/id/49479544/how-good-steelers-aaron-rodgers-last-season,Aaron Rodgers
49470931,Steelers' Aaron Rodgers: 'Zero debate' 2026 will be last season,"Steelers QB Aaron Rodgers, 42, affirmed Tuesday that 2026 will be his final season playing football in the NFL.",2026-07-28T19:03:10Z,https://www.espn.com/nfl/story/_/id/49470931/steelers-aaron-rodger-zero-debate-2026-last-season,Aaron Rodgers|DK Metcalf|Michael Pittman Jr
49470727,"Steelers' Jalen Ramsey, Joey Porter Jr. placed on PUP list",Steelers defensive backs Jalen Ramsey and Joey Porter Jr. will begin training camp on the PUP list.,2026-07-28T18:16:10Z,https://www.espn.com/nfl/story/_/id/49470727/steelers-jalen-ramsey-placed-pup-minicamp-knee-injury,Jalen Ramsey|Broderick Jones|Joey Porter Jr
49454392,Is the 2011 NFL draft the best defensive class ever?,The 2011 defensive class included the likes of J.J. Watt and Patrick Peterson. But the argument for topping 1981 as the best ever could come down to two still-active players.,2026-07-27T14:56:41Z,https://www.espn.com/nfl/story/_/id/49454392/nfl-2011-draft-class-defense-best-ever-watt-sherman-heyward-miller-jordan-peterson,Cameron Heyward|Cameron Jordan|Von Miller
49754773,49ers hoping to get starters back from injury next week,Nick Wagoner breaks down the possible return to practice for Nick Bosa and Mike Evans.,2026-08-28T19:00:40Z,https://www.espn.com/video/clip/_/id/49754773/49ers-hoping-get-starters-back-injury-next-week,
49753655,Man who posed as 49ers player faces federal fraud charges,"Federal authorities have arrested and charged Daejon Love with pretending to be a member of the 49ers and along with Taylor Jamie Chan, defrauding more than two dozen women out of over $1 million.",2026-08-28T17:08:09Z,https://www.espn.com/nfl/story/_/id/49753655/man-posed-49ers-player-faces-federal-fraud-charges,
49753328,Why Whitner sees 49ers' injuries as a bigger concern than age,Why Whitner sees 49ers' injuries as a bigger concern than age  ,2026-08-28T15:25:18Z,https://www.espn.com/video/clip/_/id/49753328/why-whitner-sees-49ers-injuries-bigger-concern-age,Donte Whitner|Mike Evans
49736317,Goodell: NFL reviewing York arrest under personal conduct policy,Commissioner Roger Goodell said the NFL is looking into whether 49ers owner Jed York will be punished for violating the league's personal conduct policy after he was caught in a prostitution sting in Ohio.,2026-08-27T01:05:32Z,https://www.espn.com/nfl/story/_/id/49736317/roger-goodell-says-nfl-reviewing-jed-york-arrest-personal-conduct-policy-possible-discipline,
49722650,"Four under-the-radar players, one position to watch for 49ers","For the 49ers to return to the playoffs, it could depend on under-the-radar players like Demarcus Robinson and whoever starts at left guard.",2026-08-26T18:08:36Z,https://www.espn.com/nfl/story/_/id/49722650/san-francisco-49ers-2026-nfl-season-underrated-players-positions,CJ West|Ji'Ayir Brown|Demarcus Robinson|Jaden Dugger
49725104,"York's arrest has 'no effect' on team, says 49ers coach Shanahan","49ers coach Kyle Shanahan says the recent arrest of team owner Jed York for attempting to engage in prostitution has ""no effect"" on the team's goals on the field.",2026-08-25T21:53:24Z,https://www.espn.com/nfl/story/_/id/49725104/york-arrest-no-effect-team-says-49ers-coach-shanahan,Fred Warner
49427696,"2026 San Francisco 49ers training camp: Latest intel, updates","Catch up on our daily updates from 49ers training camp, including intel on QBs, position battles and potential breakouts.",2026-08-25T20:48:33Z,https://www.espn.com/nfl/story/_/id/49427696/san-francisco-49ers-training-camp-2026-intel-updates,Brock Purdy|Mike Evans|Nick Bosa|Christian McCaffrey|Ricky Pearsall|Deebo Samuel Sr|Kaelon Black
49723635,49ers owner York contacted prostitution ad 3 times before arrest,49ers owner Jed York used a pseudonym and responded multiple times to a fictitious ad for a prostitute prior to his arrest in Ohio over the weekend.,2026-08-25T20:53:08Z,https://www.espn.com/nfl/story/_/id/49723635/49ers-owner-jed-york-contacted-fictitious-prostitution-ad-3-s-arrest,
49712639,49ers owner Jed York arrested on suspicion of engaging in prostitution,49ers owner Jed York pleaded no contest to a pair of misdemeanor charges after being arrested in Ohio on suspicion of engaging in prostitution.,2026-08-24T20:26:50Z,https://www.espn.com/nfl/story/_/id/49712639/49ers-owner-jed-york-arrested-pleads-no-contest-misdemeanor-charges,
49659859,2026 San Francisco 49ers: Projecting final 53-man roster,How will injuries impact the 49ers' final lineup? How will their WR and LB rooms shake out? We made roster projections before the Niners' last preseason game.,2026-08-24T10:00:46Z,https://www.espn.com/nfl/story/_/id/49659859/2026-nfl-season-san-francisco-49ers-final-roster-projection-depth-chart,
49702970,49ers activate Kittle from PUP list; McCaffrey returns to practice,The 49ers have activated tight end George Kittle from the PUP list as he chases a return for Week 1 against the Rams.,2026-08-24T00:44:17Z,https://www.espn.com/nfl/story/_/id/49702970/49ers-activate-star-te-george-kittle-pup-list,George Kittle|Christian McCaffrey
49683048,Why Brock Purdy is 'extremely happy' for Deebo to be back,Why Brock Purdy is 'extremely happy' for Deebo to be back ,2026-08-21T18:21:11Z,https://www.espn.com/video/clip/_/id/49683048/why-brock-purdy-extremely-happy-deebo-back,Brock Purdy|Deebo Samuel Sr|Pat McAfee
49651267,"49ers return their 'bullies' in Deebo Samuel, Dre Greenlaw",Greenlaw and Samuel are back in key roles for the 49ers. How will Greenlaw slot in at linebacker? Will Samuel be a rushing threat again?,2026-08-20T13:57:58Z,https://www.espn.com/nfl/story/_/id/49651267/san-francisco-49ers-deebo-samuel-dre-greenlaw-return,Dre Greenlaw|Deebo Samuel Sr
49651328,Shanahan dismisses idea RB McCaffrey sitting out for new deal,"Kyle Shanahan dismissed the idea that Christian McCaffrey is sitting out practice because of a desire for a new contract, saying the team is merely being cautious with its star running back.",2026-08-18T20:46:28Z,https://www.espn.com/nfl/story/_/id/49651328/shanahan-dismisses-idea-rb-mccaffrey-sitting-new-deal,Christian McCaffrey|Nick Bosa|Mike Evans
49631705,"49ers' George Kittle eyes return to practice, opener in Australia","George Kittle, who suffered a torn Achilles in January, said he might be able to practice soon with the hope that he'll be ready for the 49ers' opener vs. the Rams.",2026-08-16T21:47:19Z,https://www.espn.com/nfl/story/_/id/49631705/49ers-george-kittle-eyes-return-practice-opener-australia,George Kittle
49609924,Can the 49ers depend on rookie WR De'Zhaun Stribling?,Stribling had a strong preseason debut after an exciting training camp. How does he transform the 49ers' depleted WR room?,2026-08-15T21:18:32Z,https://www.espn.com/nfl/story/_/id/49609924/san-francisco-49ers-wide-receiver-dezhaun-stribling-preseason-debut,De'Zhaun Stribling
49605904,Cam Ward struggles in the Titans' 19-13 preseason win over the 49ers,— Cam Ward struggled in three drives for Tennessee against San Francisco's backup defense and the...,2026-08-14T15:43:29Z,http://www.espn.com/nfl/recap?gameId=401874392,
49600348,"49ers' Ricky Pearsall has knee surgery, targets 9-month recovery","With his right knee surgery complete, 49ers receiver Ricky Pearsall is looking ahead to the roughly nine-month recovery that awaits him before he can return to the field.",2026-08-13T16:21:07Z,https://www.espn.com/nfl/story/_/id/49600348/49ers-ricky-pearsall-knee-surgery-targets-9-month-recovery,Ricky Pearsall
49593479,Joe Montana Super Bowl XXIV jersey fetches record price,The jersey worn by Tom Brady in his final game had held the previous record since it was sold in November 2023,2026-08-13T16:05:30Z,https://www.espn.com/nfl/story/_/id/49593479/joe-montana-super-bowl-xxiv-jersey-record-price,
49575344,How the 49ers' defense looks different under Raheem Morris,"San Francisco's new defensive coordinator is overhauling the 49ers' scheme, and players are loving it.",2026-08-11T10:31:44Z,https://www.espn.com/nfl/story/_/id/49575344/san-francisco-49ers-raheem-morris-defense-2026,Fred Warner|Nick Bosa
49562792,"Kyle Shanahan nears full strength, plans to coach preseason opener",Kyle Shanahan intends to coach the 49ers' preseason opener against the Titans as he closes in on full recovery from last month's car crash.,2026-08-08T23:46:41Z,https://www.espn.com/nfl/story/_/id/49562792/kyle-shanahan-nears-full-strength-plans-coach-preseason-opener,
49761858,Seahawks preseason finale brings mixed developments,Brady Henderson on Jalen Milroe and Jason Myers in the Seahawks' preseason Week 3 tie with the Chiefs.,2026-08-29T13:17:57Z,https://www.espn.com/video/clip/_/id/49761858/seahawks-preseason-finale-brings-mixed-developments,
49427699,"2026 Seattle Seahawks training camp: Latest intel, updates","Catch up on our daily updates from Seahawks training camp, including intel on QBs, position battles and potential breakouts.",2026-08-28T01:47:52Z,https://www.espn.com/nfl/story/_/id/49427699/seattle-seahawks-training-camp-2026-intel-updates,Devon Witherspoon|Nick Emmanwori|Zach Charbonnet|Jadarian Price|Cooper Kupp|Emanuel Wilson
49742399,"Sources: Seahawks' Leonard Williams lands 3-year, $90M extension","The Seahawks are signing Leonard Williams to a three-year, $90 million contract extension that will make him one of the NFL's highest-paid defensive tackles, sources told ESPN.",2026-08-27T22:21:45Z,https://www.espn.com/nfl/story/_/id/49742399/sources-seahawks-leonard-williams-lands-3-year-90m-extension,Leonard Williams
49733969,NFL owners approve Seahawks sale to Khosla group,NFL owners on Wednesday voted unanimously to approve the $9.612 billion sale of the Seahawks from Paul Allen's estate to a group led by 49ers limited partner Vinod Khosla.,2026-08-26T22:05:03Z,https://www.espn.com/nfl/story/_/id/49733969/nfl-owners-approve-seahawks-sale-khosla-group,
49725451,"Seahawks put Clark, Richman on season-ending injured reserve","Seahawks rookie safety Bud Clark and offensive lineman Mason Richman, who were both injured in the team's preseason game against the Titans on Sunday, will miss the 2026 season after being placed on injured reserve Tuesday.",2026-08-25T21:28:00Z,https://www.espn.com/nfl/story/_/id/49725451/seahawks-put-clark-richman-season-ending-injured-reserve,Bud Clark|Mason Richman
49663819,2026 Seattle Seahawks: Projecting final 53-man roster,Let's predict how many wide receivers and cornerbacks Seattle will keep on its roster as Sunday's cut-down day looms.,2026-08-24T11:39:54Z,https://www.espn.com/nfl/story/_/id/49663819/2026-nfl-season-seattle-seahawks-final-roster-projection-depth-chart,
49708181,"Titans overcome 13-point deficit to beat starter-less Seahawks, 19-16",— The Tennessee Titans are undefeated this preseason with new coach Robert Saleh. They also have a lot to work on before the season opener.,2026-08-24T04:15:29Z,http://www.espn.com/nfl/recap?gameId=401873297,
49707406,"Seahawks' Bud Clark, Mason Richman out long-term with injuries",Seahawks rookie safety Bud Clark broke his right ankle in Sunday night's 19-16 preseason loss to the Titans. Offensive lineman Mason Richman also sustained a major injury.,2026-08-24T05:10:53Z,https://www.espn.com/nfl/story/_/id/49707406/seahawks-bud-clark-carted-right-leg-injury-preseason-game-titans,Bud Clark|Mason Richman
49651232,Seahawks' Devon Witherspoon got paid. Will his role change?,The NFL's highest-paid cornerback blitzed with success for Seattle in the Super Bowl. Could we see more of that from Witherspoon this season?,2026-08-23T10:00:11Z,https://www.espn.com/nfl/story/_/id/49651232/seattle-seahawks-cornerback-devon-witherspoon-blitzing-2026-season,Devon Witherspoon
49693366,"Seahawks place WR Bobo on season-ending IR, re-sign WR Hicks",The Seahawks have placed wide receiver Jake Bobo on season-ending injured reserve with a serious knee injury and re-signed wideout Julian Hicks.,2026-08-22T19:44:25Z,https://www.espn.com/nfl/story/_/id/49693366/seahawks-place-wr-bobo-season-ending-ir-re-sign-wr-hicks,Jake Bobo|Julian Hicks
49683636,"Seahawks WR Jake Bobo suffers 'serious' knee injury, coach says","Seahawks wideout Jake Bobo appeared to suffer a ""serious knee injury during Friday's practice against the Titans, coach Mike Macdonald told reporters.",2026-08-21T20:41:59Z,https://www.espn.com/nfl/story/_/id/49683636/seahawks-wr-jake-bobo-suffers-serious-knee-injury-says-coach,Jake Bobo
49661802,Source: CB Trevon Diggs signing 1-year deal with Seahawks,"Former Cowboys Pro Bowl cornerback Trevon Diggs plans to sign a one-year deal with the Seahawks, a source told ESPN's Adam Schefter on Wednesday.",2026-08-19T22:02:15Z,https://www.espn.com/nfl/story/_/id/49661802/source-seahawks-sign-former-pro-bowl-cb-trevon-diggs,Trevon Diggs
49649996,Sources: Seahawks still plan on signing Terrion Arnold,"The Seattle Seahawks are still planning to sign cornerback Terrion Arnold, but it will take a while, as they are working through the timing, sources told NFL Network.",2026-08-18T23:31:43Z,https://www.espn.com/nfl/story/_/id/49649996/sources-seahawks-plan-signing-terrion-arnold,Terrion Arnold
49593098,Cooper Kupp's latest route? Opening a new coffee shop,"Cooper Kupp and his wife, Anna, are part of a group that owns Dodo Coffee, which is having a grand reopening in Arkansas in August.",2026-08-17T14:02:20Z,https://www.espn.com/nfl/story/_/id/49593098/cooper-kupp-new-coffee-shop-dodo-coffee-seattle-seahawks-fayetteville-arkansas,Cooper Kupp
49619266,"Seahawks, Witherspoon reach extension: 4 years, $132M, sources say","Three-time Pro Bowl cornerback Devon Witherspoon and the Seahawks have reached an agreement on an extension, with sources telling ESPN's Adam Schefter it's a four-year deal worth $132 million.",2026-08-16T13:22:01Z,https://www.espn.com/nfl/story/_/id/49619266/sources-seahawks-cb-witherspoon-agree-4-year-132m-deal,Devon Witherspoon
49613541,Seahawks' DeMarcus Lawrence confirms 2026 season his last,Seahawks outside linebacker DeMarcus Lawrence confirmed to Yahoo Sports that his 13th NFL season will be his last.,2026-08-15T16:13:54Z,https://www.espn.com/nfl/story/_/id/49613541/seahawks-linebacker-demarcus-lawrence-confirms-2026-season-last,DeMarcus Lawrence
49612240,HC Mike Macdonald: 'Overwhelmingly positive' reviews helped with Terrion Arnold decision,"Seahawks coach Mike Macdonald said one factor in the team's decision to offer Terrion Arnold a contract despite the felony charges he's facing was the ""overwhelmingly positive"" reviews they heard while vetting the free agent cornerback.",2026-08-16T03:28:23Z,https://www.espn.com/nfl/story/_/id/49612240/overwhelmingly-positive-reviews-helped-terrion-arnold-decision,Terrion Arnold
49605846,When could Terrion Arnold take the field for Seattle?,Brady Henderson examines when newly signed CB Terrion Arnold could suit up for the Seahawks amid his legal trouble.,2026-08-14T03:58:58Z,https://www.espn.com/video/clip/_/id/49605846/when-terrion-arnold-take-field-seattle,
49585948,CB Devon Witherspoon focused on being 'prepared' amid contract negotiations,"Seahawks CB Devon Witherspoon wasn't interested in talking Wednesday about his ongoing quest for a contact extension, but the three-time Pro Bowl selection did explain his decision to practice without one.",2026-08-12T00:21:12Z,https://www.espn.com/nfl/story/_/id/49585948/cb-devon-witherspoon-focused-being-prepared-amid-contract-negotiations,Devon Witherspoon
49584391,"Seahawks' Nick Emmanwori passes physical, set to come off PUP list","Seahawks safety Nick Emmanwori (ankle) passed his physical, the team announced Tuesday, clearing the way for his return off the physically unable to perform list.",2026-08-12T00:12:34Z,https://www.espn.com/nfl/story/_/id/49584391/seahawks-nick-emmanwori-passes-physical-set-come-pup-list,Nick Emmanwori|Robbie Ouzts
49555755,DeMarcus Lawrence was nearly 'done' after Seahawks' title win,"Seahawks linebacker DeMarcus Lawrence confirmed that he considered calling it a career after finally hoisting the Lombardi Trophy but said he was ready to return for the ""hard part"" -- a title defense.",2026-08-07T21:13:31Z,https://www.espn.com/nfl/story/_/id/49555755/demarcus-lawrence-was-nearly-done-seahawks-title-win,DeMarcus Lawrence
49499878,What to expect from Seahawks on 'Hard Knocks' debut,"From shadowboxing to Leonard Williams' hobbies to Devon Witherspoon's contract, here's what you might see.",2026-08-02T10:00:12Z,https://www.espn.com/nfl/story/_/id/49499878/seattle-seahawks-hard-knocks-hbo-debut-tuesday-preview,Sam Darnold|Jaxon Smith-Njigba|Leonard Williams|Devon Witherspoon
49501715,WR Tory Horton healthy after cracking tibia last season,Seahawks wide receiver Tory Horton says he sustained a crack in his tibia last season.,2026-08-01T15:02:04Z,https://www.espn.com/nfl/story/_/id/49501715/wr-tory-horton-healthy-cracking-tibia-last-season,Tory Horton
49355501,Betting on the Seattle Seahawks in 2026: Champs among Super Bowl favorites,"Examining the Seahawks' outlook for 2026, the ways to bet them and our best bet going into the NFL season.",2026-07-30T10:42:26Z,https://www.espn.com/espn/betting/story/_/id/49355501/seattle-seahawks-betting-outlook-2026,
49475539,Leonard Williams in 'conversations' with Seattle on new deal,Pro Bowl defensive lineman Leonard Williams confirmed Tuesday that his agents and the Seahawks have also talked about a new deal.,2026-07-29T01:49:22Z,https://www.espn.com/nfl/story/_/id/49475539/dl-leonard-williams-conversations-seattle-new-deal,Leonard Williams
49772519,Source: Bucs tab undrafted rookie Jalon Daniels as backup QB,"The Buccaneers have decided that Jalon Daniels, an undrafted rookie free agent, will be their backup quarterback to start the season, a source told NFL Network.",2026-08-30T14:23:05Z,https://www.espn.com/nfl/story/_/id/49772519/source-bucs-tab-undrafted-rookie-jalon-daniels-backup-qb,Jalon Daniels|Jake Browning
49758243,Bucs GM Jason Licht 'optimistic' about re-signing Baker Mayfield,"Buccaneers general manager Jason Licht said Friday that he is ""very optimistic"" about quarterback Baker Mayfield playing in Tampa beyond the 2026 season despite Mayfield saying he felt ""disrespected"" by the Bucs' initial offer.",2026-08-29T03:28:12Z,https://www.espn.com/nfl/story/_/id/49758243/bucs-gm-jason-licht-optimistic-re-signing-baker-mayfield,Baker Mayfield
49731749,"Sources: Buccaneers rookie Bain has AC sprain, 'nothing serious'","Buccaneers rookie pass rusher Rueben Bain Jr. suffered an AC sprain, but it is said to be ""nothing serious,"" and he is expected to be ready Week 1, sources told ESPN's Adam Schefter.",2026-08-26T18:35:26Z,https://www.espn.com/nfl/story/_/id/49731749/sources-buccaneers-rookie-bain-ac-sprain-serious,Rueben Bain Jr
49685840,2026 Tampa Bay Buccaneers: Projecting final 53-man roster,Tampa Bay has some decisions to make on defense.,2026-08-24T15:34:22Z,https://www.espn.com/nfl/story/_/id/49685840/2026-nfl-season-tampa-bay-buccaneers-final-roster-projection-depth-chart,
49684785,Dwight Smith's 'I scored a touchdown' story: Super Bowl XXXVII,Dwight Smith's 'I scored a touchdown' story: Super Bowl XXXVII,2026-08-21T22:05:04Z,https://www.espn.com/video/clip/_/id/49684785/super-bowl-xxxvii,Dwight Smith
49672527,Vita Vea dismisses trade drama: I want 'to be a Buc for life',"Vita Vea says his end goal was never a trade away from Tampa Bay, adding he wants to be ""a Buc for life.""",2026-08-20T18:27:44Z,https://www.espn.com/nfl/story/_/id/49672527/vita-vea-dismisses-trade-drama-want-buc-life,Vita Vea
49664105,"Bucs, DT Vita Vea agree to 1-year extension to end hold-in","Two-time Pro Bowl defensive tackle Vita Vea and the Tampa Bay Buccaneers have agreed on a one-year extension that guarantees him $30 million, sources told ESPN on Wednesday.",2026-08-20T20:44:59Z,https://www.espn.com/nfl/story/_/id/49664105/bucs-dt-vita-vea-agree-1-year-extension-end-hold-in,Vita Vea
49659410,Mad Dog: I wouldn't give Baker Mayfield top-10 QB money,Mad Dog: I wouldn't give Baker Mayfield top-10 QB money,2026-08-19T15:15:15Z,https://www.espn.com/video/clip/_/id/49659410/give-baker-mayfield-top-10-qb-money,Baker Mayfield
49652817,Todd Bowles game-planning for Chiefs without hold-in Vita Vea,"The Buccaneers' Vita Vea, a hold-in, remains absent from training camp, and coach Todd Bowles acknowledged the realities of not having the Pro Bowl nose tackle on the field.",2026-08-19T01:22:02Z,https://www.espn.com/nfl/story/_/id/49652817/todd-bowles-game-planning-chiefs-hold-vita-vea,Vita Vea
49650741,Bucs QB Baker Mayfield: 'We're gonna shock a lot of people',"Baker Mayfield, who will play Saturday in the Bucs' second preseason game against the Chiefs, brushed aside critics and predicts that Tampa Bay will ""shock a lot of people this year.""",2026-08-18T19:41:37Z,https://www.espn.com/nfl/story/_/id/49650741/gonna-shock-lot-people,Baker Mayfield|Kenny Gainwell|Josiah Trotter
49640322,"Buccaneers WRs Egbuka, McMillan 'day-to-day' ahead of Week 1","Bucs' WR Emeka Egbuka is said to be ""day-to-day, week-to-week"" with a toe sprain he suffered last week, and the team is ""not sure at this time"" of Egbuka's Week 1 availability.",2026-08-17T18:20:54Z,https://www.espn.com/nfl/story/_/id/49640322/buccaneers-wrs-egbuka-mcmillan-day-day-ahead-week-1,Emeka Egbuka|Jalen McMillan|Tristan Wirfs|Benjamin Morrison|Zyon McCollum|Jake Browning|Baker Mayfield
49419613,"2026 Tampa Bay Buccaneers training camp: Latest intel, updates","Catch up on our daily updates from Bucs training camp, including intel on QBs, position battles and potential breakouts.",2026-08-13T21:20:48Z,https://www.espn.com/nfl/story/_/id/49419613/tampa-bay-buccaneers-training-camp-2026-intel-updates,Baker Mayfield|Vita Vea|Tristan Wirfs|Bauer Sharp|Emeka Egbuka|Tez Johnson|Benjamin Morrison
49591712,Buccaneers WR Emeka Egbuka limps off in practice against Jets,Buccaneers wide receiver Emeka Egbuka limped off the field during a joint practice with the Jets on Wednesday and didn't return.,2026-08-12T19:18:46Z,https://www.espn.com/nfl/story/_/id/49591712/buccaneers-wr-emeka-egbuka-limps-practice-jets,Emeka Egbuka
49545525,Bucs RB Bucky Irving delivers message to haters ahead of Year 3,"Tampa Bay's third-year back said ""I've been doubted my whole life.""",2026-08-07T14:42:52Z,https://www.espn.com/nfl/story/_/id/49545525/tampa-bay-buccaneers-rb-bucky-irving-message-haters,Bucky Irving
49546042,"Bucs GM says 'no plans' for Vita Vea trade, Baker Mayfield still franchise QB","The Buccaneers have ""no plans"" to trade Vita Vea and still view Baker Mayfield as a franchise QB, according to GM Jason Licht.",2026-08-06T17:57:32Z,https://www.espn.com/nfl/story/_/id/49546042/bucs-gm-says-no-plans-vita-vea-trade-baker-mayfield-franchise-qb,Vita Vea|Baker Mayfield
49470179,"Bucs focused on 'ball' despite Mayfield, Vea contract distractions",Contract situations for Tampa Bay quarterback Baker Mayfield and nose tackle Vita Vea have become major headlines this week.,2026-07-30T21:27:39Z,https://www.espn.com/nfl/story/_/id/49470179/tampa-bay-buccaneers-contract-disappointment-baker-mayfield-hold-vita-vea,Vita Vea|Baker Mayfield
49489537,Mayfield felt 'disrespected' and 'undervalued' by Buccaneers' offers,"Buccaneers quarterback Baker Mayfield said Thursday that he felt ""disrespected a little bit"" that he and the team could not reach an agreement on a new contract before his imposed deadline of the start of training camp.",2026-08-01T00:11:18Z,https://www.espn.com/nfl/story/_/id/49489537/mayfield-felt-disrespected-undervalued-buccaneers-offers,Baker Mayfield
49480148,Is this Baker Mayfield's final season with the Bucs?,Is this Baker Mayfield's final season with the Bucs?,2026-07-29T14:58:44Z,https://www.espn.com/video/clip/_/id/49480148/is-baker-mayfield-final-season-bucs,Baker Mayfield
49355481,Betting the Tampa Bay Buccaneers in 2026: Bucs out for redemption,"Examining the Buccaneers' outlook for 2026, the ways to bet them and our best bet going into the NFL season.",2026-07-29T10:57:31Z,https://www.espn.com/espn/betting/story/_/id/49355481/tampa-bay-buccaneers-betting-outlook-2026,
49472375,Why Eisen would bet on Baker Mayfield this season,Why Eisen would bet on Baker Mayfield this season ,2026-07-28T19:22:10Z,https://www.espn.com/video/clip/_/id/49472375/why-eisen-bet-baker-mayfield-season,Baker Mayfield
49469946,"Sources: Mayfield to play out deal with Bucs, become free agent","Buccaneers quarterback Baker Mayfield is reporting to training camp without a new deal and will play out the final year of his contract before becoming a free agent, sources told ESPN on Tuesday.",2026-07-28T19:27:14Z,https://www.espn.com/nfl/story/_/id/49469946/sources-no-real-progress-mayfield-buccaneers-contract-talks,Baker Mayfield
49465550,Why Vita Vea's trade request is not surprising,Why Vita Vea's trade request is not surprising,2026-07-27T23:00:29Z,https://www.espn.com/video/clip/_/id/49465550/why-vita-vea-trade-request-not-surprising,Vita Vea
49465466,Two-time Pro Bowl DT Vita Vea requests trade from Buccaneers,"Defensive tackle Vita Vea has requested a trade from the Tampa Bay Buccaneers after failed attempts at a contract extension, his agent, Collin Roberts, told ESPN on Monday.",2026-07-27T23:33:00Z,https://www.espn.com/nfl/story/_/id/49465466/two-pro-bowl-dt-vita-vea-requests-trade-buccaneers,Vita Vea
49084034,2026 Tampa Bay Buccaneers training camp preview,The Buccaneers begin training camp July 29. Here's key players to watch and a 53-man roster projection.,2026-07-23T10:01:24Z,https://www.espn.com/nfl/story/_/id/49084034/2026-tampa-bay-buccaneers-nfl-training-camp-preview,Baker Mayfield|Rueben Bain Jr|Ted Hurst III
49769748,Has Will Levis' time with the Titans come to an end?,Turron Davenport breaks down why Will Levis might not make the Titans' final roster.,2026-08-30T05:54:57Z,https://www.espn.com/video/clip/_/id/49769748/has-levis-titans-come-end,
49732615,Titans still high on Carnell Tate despite lack of preseason production,Tennessee still believes Carnell Tate will be the playmaker it envisioned after making him the No. 4 pick in April.,2026-08-28T12:33:20Z,https://www.espn.com/nfl/story/_/id/49732615/tennessee-titans-high-rookie-wr-carnell-tate,Carnell Tate
49748577,Xavier Restrepo declares he's fully healthy,Turron Davenport speaks with Xavier Restrepo on his expectations this season.,2026-08-28T02:23:04Z,https://www.espn.com/video/clip/_/id/49748577/xavier-restrepo-declares-fully-healthy,
49659254,2026 Tennessee Titans: Projecting final 53-man roster,Does QB Will Levis make the team? Tennessee has key decisions to make ahead of Sunday's roster cuts.,2026-08-24T10:02:11Z,https://www.espn.com/nfl/story/_/id/49659254/2026-nfl-season-tennessee-titans-final-roster-projection-depth-chart,
49619516,Why Titans believe Daboll can maximize Ward's potential,The Titans are looking for the Cam Ward-Brian Daboll relationship to be as effective as what Daboll enjoyed in Buffalo.,2026-08-16T10:00:03Z,https://www.espn.com/nfl/story/_/id/49619516/why-titans-believe-brian-daboll-maximize-cam-ward-potential,Cam Ward
49419824,"2026 Tennessee Titans training camp: Latest intel, updates","Catch up on our daily updates from Titans training camp, including intel on QBs, position battles and potential breakouts.",2026-08-13T19:51:58Z,https://www.espn.com/nfl/story/_/id/49419824/tennessee-titans-training-camp-2026-intel-updates,Cam Ward|James Williams Sr
49574642,Titans WR Ayomanor standing out above all in training camp,"After an inconsistent rookie season, the Tennessee receiver had a laser-focused offseason.",2026-08-11T10:00:11Z,https://www.espn.com/nfl/story/_/id/49574642/tennessee-titans-wr-elic-ayomanor-stand-training-camp-year-2,Cam Ward|Elic Ayomanor
49555284,Sources: Extension makes Titans' Peter Skoronski top-paid guard,"The Titans have signed Peter Skoronski to a four-year, $100 million extension, making him the highest-paid guard in the NFL, sources told NFL Network.",2026-08-07T20:11:47Z,https://www.espn.com/nfl/story/_/id/49555284/sources-extension-makes-titans-peter-skoronski-top-paid-guard,Peter Skoronski
49530992,"Titans DT Jeffery Simmons throws punch, sent to side field","Defensive tackle Jeffery Simmons, who threw a punch in a team drill Tuesday, spent the rest of the Tennessee Titans' practice working on a side field, and coach Robert Saleh told reporters afterward that ""if you throw a punch, you're out of practice.""",2026-08-04T20:54:36Z,https://www.espn.com/nfl/story/_/id/49530992/titans-dt-jeffery-simmons-throws-punch-sent-side-field,Jeffery Simmons
49508607,Will Levis is confident in his ability coming back from injury,Will Levis is confident in his ability coming back from injury ,2026-08-02T00:02:52Z,https://www.espn.com/video/clip/_/id/49508607/will-levis-confident-ability-coming-back-injury,Will Levis
49506954,Confident Will Levis OK competing for Titans' backup QB spot,"Titans quarterback Will Levis, entering his fourth season, still believes he is ""a dang good quarterback"" in the NFL as he continues to battle for the team's backup position behind former No. 1 pick Cam Ward.",2026-08-02T13:52:41Z,https://www.espn.com/nfl/story/_/id/49506954/confident-levis-ok-competing-titans-backup-qb-spot,Will Levis
49488512,Titans WRs join Cam Ward in Miami to build chemistry,"After ranking last in passing plays of 40 yards or more, Tennessee's pass catchers worked together this offseason.",2026-07-30T16:07:01Z,https://www.espn.com/nfl/story/_/id/49488512/tennessee-titans-cam-ward-build-chemistry-wrs-miami,Cam Ward|Wan'Dale Robinson|Carnell Tate|Elic Ayomanor
49480176,"2026 NFL season: How Ward, Dart, Shough, Sanders can improve","Cam Ward, Jaxson Dart, Tyler Shough and Shedeur Sanders are entering Year 2 in the NFL. Let's find one spot where each sophomore QB must get better in 2026.",2026-07-30T16:38:17Z,https://www.espn.com/nfl/story/_/id/49480176/2026-nfl-season-second-year-sophomore-qbs-ward-dart-shough-sanders,Cam Ward|Jaxson Dart|Tyler Shough|Shedeur Sanders
49443298,Titans place 2 players on the PUP list,Turron Davenport reports on the Titans placing Amani Hooker and JC Latham on the physically unable to perform list.,2026-07-25T01:12:53Z,https://www.espn.com/video/clip/_/id/49443298/titans-place-2-players-pup-list,
49097756,2026 Tennessee Titans training camp preview,The Titans begin training camp July 28. Here's key players to watch and a 53-man roster projection.,2026-07-23T10:00:54Z,https://www.espn.com/nfl/story/_/id/49097756/2026-tennessee-titans-training-camp-preview,Cam Ward
49355084,Betting on the Tennessee Titans in 2026: Improvements should be noticeable,"Examining the Titans' outlook for 2026, the ways to bet them and our best bet going into the NFL season.",2026-07-22T10:51:59Z,https://www.espn.com/espn/betting/story/_/id/49355084/tennessee-titans-betting-outlook-2026,
49384643,Titans to induct former RB Chris Johnson into Ring of Honor,The Titans are going to induct former running back Chris Johnson into their ring of honor.,2026-07-18T04:40:05Z,https://www.espn.com/nfl/story/_/id/49384643/titans-induct-former-rb-chris-johnson-ring-honor,Chris Johnson
49766031,Who will the Commanders keep at receiver?,John Keim breaks down the Commanders' potential roster moves while highlighting standout performances from Van Jefferson and Luke McCaffrey against the Ravens.,2026-08-29T22:04:45Z,https://www.espn.com/video/clip/_/id/49766031/who-commanders-keep-receiver,
49736963,Washington having issues on the O-line,John Keim breaks down the Commanders' lack of depth on the offensive line.,2026-08-29T02:05:29Z,https://www.espn.com/video/clip/_/id/49736963/washington-having-issues-o-line,
49725726,"Commanders to sign veteran tackle Humphries, source says","The Commanders, who lost Laremy Tunsil to a torn triceps on Aug. 5, are signing veteran tackle D.J. Humphries, a source told ESPN.",2026-08-25T22:23:31Z,https://www.espn.com/nfl/story/_/id/49725726/commanders-sign-veteran-tackle-humphries-source-says,DJ Humphries|Laremy Tunsil
49721716,"Commanders release S Will Harris, place LB Drake Jackson on IR","The Commanders released veteran safety Will Harris on Tuesday, one year after he had opened the season as a starter.",2026-08-25T13:25:46Z,https://www.espn.com/nfl/story/_/id/49721716/commanders-release-s-harris-place-lb-drake-jackson-ir,Will Harris|Drake Jackson
49662716,2026 Washington Commanders: Projecting final 53-man roster,Who sticks from a deep WR room? How many QBs will be kept? Commanders reporter John Keim makes his predictions.,2026-08-24T10:01:40Z,https://www.espn.com/nfl/story/_/id/49662716/2026-nfl-season-washington-commanders-final-roster-projection-depth-chart,Jayden Daniels
49674003,Commanders need to show how far they've come vs. Lions,"Third-year QB Jayden Daniels is looking like he did in 2024, but can a revamped defense hold up its end?",2026-08-21T10:00:02Z,https://www.espn.com/nfl/story/_/id/49674003/washington-commanders-jayden-daniels-accuracy,Jayden Daniels|Terry McLaurin|Sonny Styles
49665858,Source: Commanders DL Newton has surgery to repair torn pec,"Commanders defensive lineman Jer'Zhan Newton underwent surgery Wednesday to repair a torn pectoral muscle, a source confirmed.",2026-08-20T19:33:07Z,https://www.espn.com/nfl/story/_/id/49665858/source-commanders-dl-newton-surgery-repair-torn-pec,Jer'Zhan Newton
49640649,Source: Commanders to cut struggling placekicker Jake Moody,"The Washington Commanders are set to release placekicker Jake Moody and go with undrafted rookie Drew Stevens, a source confirmed to ESPN.",2026-08-17T18:37:06Z,https://www.espn.com/nfl/story/_/id/49640649/source-commanders-cut-struggling-placekicker-jake-moody,Jake Moody|Drew Stevens|Craig Reynolds|Jeremy McNichols
49628873,Commanders QB Marcus Mariota has sprained MCL,"Commanders quarterback Marcus Mariota suffered a sprained right knee and will miss the rest of the preseason, but he is expected to be ready for the regular-season opener.",2026-08-16T18:38:23Z,https://www.espn.com/nfl/story/_/id/49628873/commanders-qb-marcus-mariota-sprained-mcl-sources-say,Marcus Mariota
49621752,Mets troll Jayden Daniels over LSU NIL dispute,"The team is the latest to poke fun at Daniels over his jersey number dispute with his alma mater, LSU.",2026-08-16T14:53:49Z,https://www.espn.com/mlb/story/_/id/49621752/new-york-mets-jayden-daniels-no-5-jersey-washington-commanders-lsu-tigers,Jayden Daniels
49611801,Commanders' Dorance Armstrong suspended for season opener,Commanders defensive end/linebacker Dorance Armstrong has been suspended without pay for the season opener for violating the NFL's personal conduct policy.,2026-08-14T21:17:35Z,https://www.espn.com/nfl/story/_/id/49611801/commanders-dorance-armstrong-suspended-season-opener,Dorance Armstrong
49602842,DJ Pickett won't budge on No. 5 amid Jayden Daniels-LSU flap,"LSU's DJ Pickett says he has no plans to change out of the No. 5 amid pushback from Jayden Daniels, with the Commanders' quarterback saying the situation won't be a distraction.",2026-08-14T10:17:53Z,https://www.espn.com/college-football/story/_/id/49602842/dj-pickett-budge-no-5-amid-jayden-daniels-lsu-flap,DJ Pickett|Jayden Daniels
49448046,"2026 Washington Commanders training camp: Latest intel, updates","Catch up on our daily updates from Commanders training camp, including intel on QBs, position battles and potential breakouts.",2026-08-13T19:22:19Z,https://www.espn.com/nfl/story/_/id/49448046/washington-commanders-training-camp-2026-intel-updates,Terry McLaurin|Stefon Diggs|Nick Allegretti
49599714,'Bussin' & Pate' react to Jayden Daniels' NIL controversy: 'You're not Joe Burrow','Bussin' & Pate' react to Jayden Daniels' NIL controversy: 'You're not Joe Burrow',2026-08-13T13:31:28Z,https://www.espn.com/video/clip/_/id/49599714/not-joe-burrow,Jayden Daniels|Joe Burrow
49596211,Daniels sends cease and desist to LSU after Pickett given No. 5,"Commanders quarterback Jayden Daniels informed LSU that it can no longer use his name, image and likeness and said he felt ""profoundly disrespected"" after the school allowed cornerback DJ Pickett to wear his former No. 5 jersey.",2026-08-13T13:39:25Z,https://www.espn.com/nfl/story/_/id/49596211/daniels-sends-cease-desist-lsu-pickett-given-no-5,Jayden Daniels|DJ Pickett
49582393,Inside Dan Quinn's master plan to revive the Commanders,"After a 5-12 season, Dan Quinn spent the offseason searching for ways to sharpen a Washington team he felt had lost some of its edge.",2026-08-13T04:18:29Z,https://www.espn.com/nfl/story/_/id/49582393/dan-quinn-plan-revive-2026-washington-commanders,Jayden Daniels|Stefon Diggs|Terry McLaurin
49583320,Efe Obada: 'No regrets' over NFL retirement decision,Efe Obada: 'No regrets' over NFL retirement decision,2026-08-12T13:07:13Z,https://www.espn.com/video/clip/_/id/49583320/no-regrets-nfl-retirement-decision,Efe Obada
49577471,Brandon Coleman eager to fill in for injured Laremy Tunsil,Coleman joined Laremy Tunsil for offseason workouts at his home then found out he'd have to replace him for a good portion of 2026.,2026-08-11T15:19:49Z,https://www.espn.com/nfl/story/_/id/49577471/washington-commanders-brandon-coleman-left-tackle,Brandon Coleman|Laremy Tunsil
49574125,Commanders star LT Laremy Tunsil to have triceps surgery,Commanders star left tackle Laremy Tunsil will undergo surgery to repair a torn triceps and is expected to miss significant time.,2026-08-10T12:54:27Z,https://www.espn.com/nfl/story/_/id/49574125/commanders-star-lt-laremy-tunsil-triceps-surgery,Laremy Tunsil|Brandon Coleman
49564238,Sources: Commanders LT Laremy Tunsil suffers torn triceps,"Washington Commanders left tackle Laremy Tunsil suffered a torn triceps in practice, will likely require surgery and will miss at least a significant portion of the regular season, a source told NFL Network's Mike Garafolo and Steve Wyche on Saturday.",2026-08-09T16:38:53Z,https://www.espn.com/nfl/story/_/id/49564238/commanders-lt-laremy-tunsil-suffers-torn-triceps,Laremy Tunsil
49554390,"Stefon Diggs settles in with Commanders, ups NFL best talk","Stefon Diggs has changed teams for the third time in three years, but that hasn't dented his confidence.",2026-08-07T18:16:32Z,https://www.espn.com/nfl/story/_/id/49554390/stefon-diggs-settles-commanders-ups-nfl-best-talk,Stefon Diggs
49545208,Why Stephen A. is unsure about how Stefon Diggs will perform with Commanders,Why Stephen A. is unsure about how Stefon Diggs will perform with Commanders,2026-08-06T14:37:48Z,https://www.espn.com/video/clip/_/id/49545208/why-stephen-unsure-how-stefon-diggs-perform-commanders,Stefon Diggs
49539100,Will WR Stefon Diggs be a fit with the Washington Commanders?,The Commanders have signed Stefon Diggs to a one-year contract worth up to $12 million. Here's what it means for him and the team.,2026-08-05T20:11:37Z,https://www.espn.com/nfl/story/_/id/49539100/stefon-diggs-washington-commanders-signing-contract-questions,Stefon Diggs|Jayden Daniels|Brandon Aiyuk|Keenan Allen
49539007,Why Mike Tannenbaum really likes Commanders signing Stefon Diggs,Why Mike Tannenbaum really likes Commanders signing Stefon Diggs,2026-08-05T18:21:51Z,https://www.espn.com/video/clip/_/id/49539007/why-mike-tannenbaum-really-likes-commanders-signing-stefon-diggs,Stefon Diggs
49538915,Sources: WR Stefon Diggs set to sign with Commanders,"Free agent wide receiver Stefon Diggs is set to sign with the Commanders, sources told NFL Network's Ian Rapoport.",2026-08-05T20:58:21Z,https://www.espn.com/nfl/story/_/id/49538915/sources-wr-stefon-diggs-set-sign-commanders,Stefon Diggs
49528217,Commanders' recently signed CB Ahkello Witherspoon retiring,"Commanders CB Ahkello Witherspoon, who spent two stints on injured reserve last season with the Rams, was put on the reserve/retired list Tuesday.",2026-08-04T13:47:59Z,https://www.espn.com/nfl/story/_/id/49528217/commanders-recently-signed-cb-ahkello-witherspoon-retiring,Ahkello Witherspoon|Fabian Moreau
